{
 "tot": 104.45279195218458,
 "mdd": -17.54152668441601,
 "sr_d": 0.20927917074855065,
 "sr_a": 3.3222038423189293,
 "g3": -0.4315782680667012,
 "g4": 3.0497365981600777,
 "T": 95,
 "var_trials": 0.00040586506081422626,
 "dsr": [
  [
   10,
   0.031722003734959564,
   0.9486525311027713
  ],
  [
   50,
   0.04585861369289296,
   0.9334510807900376
  ],
  [
   100,
   0.050981761119505926,
   0.9271529608104929
  ],
  [
   200,
   0.055714501648082095,
   0.920938384104486
  ]
 ],
 "psr0": 0.9727903132638132,
 "sr_spy_d": 0.11128875909058471,
 "sr_strat_c": 0.20927917074855065,
 "mtrl": 314.5381152710408,
 "mtrl0": 69.73936186704806,
 "n_common": 95,
 "shuffle": {
  "mean": 12.817673532299162,
  "std": 17.158838885283295,
  "med": 12.017515362716736,
  "p5": -15.574753902217118,
  "p95": 42.43647695114758,
  "p99": 56.05815424048083,
  "mx": 71.19538954646147,
  "pct": 100.0,
  "n_ge": 0
 },
 "spy_tot": 9.82589287883997,
 "avg_tot": 104.89346069527596,
 "phase_tots": {
  "0": 114.80015283996865,
  "1": 108.6993721957156,
  "2": 104.45279195218458,
  "3": 98.07553940685546,
  "4": 98.4394470816555
 }
}