run_date,us_date,kr_date,rank,market,ticker,rev90,fwd_per,gap,dv_musd,price,in_top4,in_top4_cap2,pct,in_top5_abs,rz,in_top5_rz,pct_base_n,rev30,stale,below_ma120,adj_gap,strategy,px_chg20,crash5,na,up30
2026-07-08,2026-07-07,2026-07-07,1,US,SNDK,165.65,7.91,7.107,21321.7,1617.699951171875,1,1,,,,,,,,,,,,,,
2026-07-08,2026-07-07,2026-07-07,2,KR,005930.KS,92.04,5.34,4.367,6915.7,296000.0,1,1,,,,,,,,,,,,,,
2026-07-08,2026-07-07,2026-07-07,3,KR,000660.KS,81.92,5.76,3.609,9259.7,2201000.0,1,0,,,,,,,,,,,,,,
2026-07-08,2026-07-07,2026-07-07,4,US,MU,68.5,6.79,6.529,57139.0,938.3800048828125,1,0,,,,,,,,,,,,,,
2026-07-08,2026-07-07,2026-07-07,5,US,HPE,49.17,11.4,3.564,1724.7,43.470001220703125,0,1,,,,,,,,,,,,,,
2026-07-08,2026-07-07,2026-07-07,6,US,DELL,44.48,22.72,,4460.3,417.2799987792969,0,1,,,,,,,,,,,,,,
2026-07-08,2026-07-07,2026-07-07,7,US,FLEX,41.68,25.37,,1262.5,131.52000427246094,0,0,,,,,,,,,,,,,,
2026-07-08,2026-07-07,2026-07-07,8,US,MCHP,27.4,24.64,16.266,1195.7,84.1500015258789,0,0,,,,,,,,,,,,,,
2026-07-08,2026-07-07,2026-07-07,9,US,AVGO,19.6,21.9,2.822,13187.0,370.7799987792969,0,0,,,,,,,,,,,,,,
2026-07-08,2026-07-07,2026-07-07,10,US,TSM,18.38,23.81,,6022.6,432.57000732421875,0,0,,,,,,,,,,,,,,
2026-07-08,2026-07-07,2026-07-08,1,US,SNDK,165.65,7.91,7.107,21321.7,1617.699951171875,1,1,,,,,,,,,,,,,,
2026-07-08,2026-07-07,2026-07-08,2,KR,000660.KS,82.02,5.43,3.613,9281.0,2076000.0,1,1,,,,,,,,,,,,,,
2026-07-08,2026-07-07,2026-07-08,3,US,MU,68.5,6.79,6.529,57139.0,938.3800048828125,1,0,,,,,,,,,,,,,,
2026-07-08,2026-07-07,2026-07-08,4,KR,005930.KS,63.73,4.88,4.483,6926.9,277500.0,1,0,,,,,,,,,,,,,,
2026-07-08,2026-07-07,2026-07-08,5,US,HPE,49.17,11.4,3.564,1724.7,43.470001220703125,0,1,,,,,,,,,,,,,,
2026-07-08,2026-07-07,2026-07-08,6,US,DELL,44.48,22.72,,4460.3,417.2799987792969,0,1,,,,,,,,,,,,,,
2026-07-08,2026-07-07,2026-07-08,7,US,FLEX,41.68,25.37,,1262.5,131.52000427246094,0,0,,,,,,,,,,,,,,
2026-07-08,2026-07-07,2026-07-08,8,US,MCHP,27.4,24.64,16.266,1195.7,84.1500015258789,0,0,,,,,,,,,,,,,,
2026-07-08,2026-07-07,2026-07-08,9,US,AVGO,19.6,21.9,2.822,13187.0,370.7799987792969,0,0,,,,,,,,,,,,,,
2026-07-08,2026-07-07,2026-07-08,10,US,TSM,18.38,23.81,,6022.6,432.57000732421875,0,0,,,,,,,,,,,,,,
2026-07-09,2026-07-08,2026-07-09,1,US,SNDK,165.2,8.45,7.107,21398.6,1727.1800537109375,1,1,,,,,,,,,,,,,,
2026-07-09,2026-07-08,2026-07-09,2,KR,000660.KS,82.73,5.69,,9223.4,2186000.0,1,1,,,,,,,,,,,,,,
2026-07-09,2026-07-08,2026-07-09,3,US,MU,67.92,6.85,3.136,57698.5,948.7999877929688,1,0,,,,,,,,,,,,,,
2026-07-09,2026-07-08,2026-07-09,4,KR,005930.KS,63.82,4.88,,6880.5,278000.0,1,0,,,,,,,,,,,,,,
2026-07-09,2026-07-08,2026-07-09,5,KR,011070.KS,50.65,18.39,,404.4,741000.0,1,1,,,,,,,,,,,,,,
2026-07-09,2026-07-08,2026-07-09,6,US,HPE,49.18,11.71,3.565,1735.4,44.66999816894531,0,1,,,,,,,,,,,,,,
2026-07-09,2026-07-08,2026-07-09,7,US,FLEX,41.82,25.69,2.228,1262.1,133.3699951171875,0,1,,,,,,,,,,,,,,
2026-07-09,2026-07-08,2026-07-09,8,KR,066570.KS,28.3,12.19,,528.9,178000.0,0,0,,,,,,,,,,,,,,
2026-07-09,2026-07-08,2026-07-09,9,US,MCHP,27.36,25.01,16.278,1206.2,85.48999786376953,0,0,,,,,,,,,,,,,,
2026-07-09,2026-07-08,2026-07-09,10,US,NVDA,20.4,19.23,1.625,33865.4,204.1199951171875,0,0,,,,,,,,,,,,,,
2026-07-09,2026-07-08,2026-07-09,11,US,AVGO,19.61,22.92,2.826,13252.3,388.69000244140625,0,0,,,,,,,,,,,,,,
2026-07-09,2026-07-08,2026-07-09,12,US,ADI,16.05,27.5,2.082,2285.9,385.3999938964844,0,0,,,,,,,,,,,,,,
2026-07-09,2026-07-08,2026-07-09,13,US,ON,15.85,25.16,2.644,1553.8,93.79000091552734,0,0,,,,,,,,,,,,,,
2026-07-09,2026-07-08,2026-07-09,14,US,APH,15.06,29.9,1.521,1571.4,158.22000122070312,0,0,,,,,,,,,,,,,,
2026-07-09,2026-07-08,2026-07-09,15,US,NOK,15.01,26.7,2.984,1678.9,11.949999809265137,0,0,,,,,,,,,,,,,,
2026-07-09,2026-07-08,2026-07-09,16,US,NXPI,11.04,17.4,1.561,1320.1,283.80999755859375,0,0,,,,,,,,,,,,,,
2026-07-09,2026-07-08,2026-07-09,17,US,APP,9.25,27.97,1.604,2865.8,522.1799926757812,0,0,,,,,,,,,,,,,,
2026-07-09,2026-07-08,2026-07-09,18,US,CRM,8.88,11.31,1.705,2977.8,166.5800018310547,0,0,,,,,,,,,,,,,,
2026-07-09,2026-07-08,2026-07-09,19,US,CSCO,7.78,23.98,1.541,3118.4,113.81999969482422,0,0,,,,,,,,,,,,,,
2026-07-09,2026-07-08,2026-07-09,20,US,ADBE,7.27,8.4,1.504,1726.3,220.94000244140625,0,0,,,,,,,,,,,,,,
2026-07-10,2026-07-09,2026-07-10,1,US,SNDK,158.23,9.09,7.107,21616.3,1858.27001953125,1,1,99.38,1,28.41,1,1290,,,,,,,,,
2026-07-10,2026-07-09,2026-07-10,2,US,MU,67.95,7.15,3.14,58156.7,991.6400146484375,1,1,97.6,1,11.73,1,1290,,,,,,,,,
2026-07-10,2026-07-09,2026-07-10,3,US,HPE,49.19,12.87,3.567,1724.4,49.11000061035156,1,1,95.74,0,8.27,1,1290,,,,,,,,,
2026-07-10,2026-07-09,2026-07-10,4,US,FLEX,41.96,26.93,2.231,1265.9,139.94000244140625,1,1,94.5,0,6.93,1,1290,,,,,,,,,
2026-07-10,2026-07-09,2026-07-10,5,KR,000660.KS,82.82,5.67,3.631,9200.7,2180000.0,1,0,94.32,1,4.33,1,352,,,,,,,,,
2026-07-10,2026-07-09,2026-07-10,6,KR,005930.KS,63.36,5.02,4.476,6850.2,285000.0,0,0,90.91,1,3.22,0,352,,,,,,,,,
2026-07-10,2026-07-09,2026-07-10,7,US,MCHP,27.32,25.8,16.291,1199.2,88.26000213623047,0,1,90.23,0,4.23,0,1290,,,,,,,,,
2026-07-10,2026-07-09,2026-07-10,8,KR,011070.KS,50.67,18.4,1.968,391.8,742000.0,0,0,88.35,1,2.51,0,352,,,,,,,,,
2026-07-10,2026-07-09,2026-07-10,9,US,NVDA,20.41,19.09,1.627,33653.4,202.77999877929688,0,0,86.2,0,2.95,0,1290,,,,,,,,,
2026-07-10,2026-07-09,2026-07-10,10,US,AVGO,19.61,23.63,2.829,13467.9,401.1099853515625,0,0,85.58,0,2.8,0,1290,,,,,,,,,
2026-07-10,2026-07-09,2026-07-10,11,US,ADI,16.07,28.07,2.083,2238.6,393.6400146484375,0,0,82.33,0,2.15,0,1290,,,,,,,,,
2026-07-10,2026-07-09,2026-07-10,12,US,ON,15.84,26.23,2.647,1558.9,97.87000274658203,0,0,82.02,0,2.11,0,1290,,,,,,,,,
2026-07-10,2026-07-09,2026-07-10,13,KR,066570.KS,28.33,12.49,2.685,521.8,182400.0,0,0,81.25,0,1.24,0,352,,,,,,,,,
2026-07-10,2026-07-09,2026-07-10,14,US,NOK,15.01,28.8,2.986,1636.2,12.899999618530273,0,0,80.85,0,1.95,0,1290,,,,,,,,,
2026-07-10,2026-07-09,2026-07-10,15,US,NXPI,11.03,17.81,1.561,1324.4,290.5400085449219,0,0,74.57,0,1.22,0,1290,,,,,,,,,
2026-07-10,2026-07-09,2026-07-10,16,US,SOFI,9.63,26.42,,1468.5,18.6200008392334,0,0,71.71,0,0.96,0,1290,,,,,,,,,
2026-07-10,2026-07-09,2026-07-10,17,US,APP,9.24,27.86,1.605,2888.4,520.4299926757812,0,0,70.78,0,0.89,0,1290,,,,,,,,,
2026-07-10,2026-07-09,2026-07-10,18,US,CRM,8.87,11.03,1.705,2971.3,162.5,0,0,69.92,0,0.82,0,1290,,,,,,,,,
2026-07-10,2026-07-09,2026-07-10,19,US,CSCO,7.79,24.92,1.541,3099.0,118.30999755859375,0,0,66.98,0,0.62,0,1290,,,,,,,,,
2026-07-10,2026-07-09,2026-07-10,20,US,ADBE,7.27,8.46,1.505,1728.7,222.64999389648438,0,0,64.34,0,0.52,0,1290,,,,,,,,,
2026-07-10,2026-07-09,2026-07-10,1,US,SNDK,158.23,9.09,7.107,21616.3,1858.27001953125,1,1,99.38,1,28.41,1,1290,,,,,,,,,
2026-07-10,2026-07-09,2026-07-10,2,US,MU,67.95,7.15,3.14,58156.7,991.6400146484375,1,1,97.6,1,11.73,1,1290,,,,,,,,,
2026-07-10,2026-07-09,2026-07-10,3,US,HPE,49.19,12.87,3.567,1724.4,49.11000061035156,1,1,95.74,0,8.27,1,1290,,,,,,,,,
2026-07-10,2026-07-09,2026-07-10,4,US,FLEX,41.96,26.93,2.231,1265.9,139.94000244140625,1,1,94.5,0,6.93,1,1290,,,,,,,,,
2026-07-10,2026-07-09,2026-07-10,5,KR,000660.KS,82.82,5.67,3.631,9207.2,2180000.0,1,0,94.32,1,4.33,1,352,,,,,,,,,
2026-07-10,2026-07-09,2026-07-10,6,KR,005930.KS,63.36,5.02,4.476,6855.8,285000.0,0,0,90.91,1,3.22,0,352,,,,,,,,,
2026-07-10,2026-07-09,2026-07-10,7,US,MCHP,27.32,25.8,16.291,1199.2,88.26000213623047,0,1,90.23,0,4.23,0,1290,,,,,,,,,
2026-07-10,2026-07-09,2026-07-10,8,KR,011070.KS,50.67,18.4,1.968,392.1,742000.0,0,0,88.35,1,2.51,0,352,,,,,,,,,
2026-07-10,2026-07-09,2026-07-10,9,US,NVDA,20.41,19.09,1.627,33653.4,202.77999877929688,0,0,86.2,0,2.95,0,1290,,,,,,,,,
2026-07-10,2026-07-09,2026-07-10,10,US,AVGO,19.61,23.63,2.829,13467.9,401.1099853515625,0,0,85.58,0,2.8,0,1290,,,,,,,,,
2026-07-10,2026-07-09,2026-07-10,11,US,ADI,16.07,28.07,2.083,2238.6,393.6400146484375,0,0,82.33,0,2.15,0,1290,,,,,,,,,
2026-07-10,2026-07-09,2026-07-10,12,US,ON,15.84,26.23,2.647,1558.9,97.87000274658203,0,0,82.02,0,2.11,0,1290,,,,,,,,,
2026-07-10,2026-07-09,2026-07-10,13,KR,066570.KS,28.33,12.49,2.685,522.0,182400.0,0,0,81.25,0,1.24,0,352,,,,,,,,,
2026-07-10,2026-07-09,2026-07-10,14,US,NOK,15.01,28.8,2.986,1636.2,12.899999618530273,0,0,80.85,0,1.95,0,1290,,,,,,,,,
2026-07-10,2026-07-09,2026-07-10,15,US,NXPI,11.03,17.81,1.561,1324.4,290.5400085449219,0,0,74.57,0,1.22,0,1290,,,,,,,,,
2026-07-10,2026-07-09,2026-07-10,16,US,SOFI,9.63,26.42,,1468.5,18.6200008392334,0,0,71.71,0,0.96,0,1290,,,,,,,,,
2026-07-10,2026-07-09,2026-07-10,17,US,APP,9.24,27.86,1.605,2888.4,520.4299926757812,0,0,70.78,0,0.89,0,1290,,,,,,,,,
2026-07-10,2026-07-09,2026-07-10,18,US,CRM,8.87,11.03,1.705,2971.3,162.5,0,0,69.92,0,0.82,0,1290,,,,,,,,,
2026-07-10,2026-07-09,2026-07-10,19,US,CSCO,7.79,24.92,1.541,3099.0,118.30999755859375,0,0,66.98,0,0.62,0,1290,,,,,,,,,
2026-07-10,2026-07-09,2026-07-10,20,US,ADBE,7.27,8.46,1.505,1728.7,222.64999389648438,0,0,64.34,0,0.52,0,1290,,,,,,,,,
2026-07-13,2026-07-10,2026-07-13,1,US,SNDK,157.78,9.37,7.107,21759.3,1915.9200439453125,1,1,99.43,1,27.7,1,1394,14.66,0,0,,,,,,
2026-07-13,2026-07-10,2026-07-13,2,US,MU,67.97,7.05,3.145,57229.6,979.2999877929688,1,1,98.06,1,11.49,1,1394,45.57,0,0,,,,,,
2026-07-13,2026-07-10,2026-07-13,3,US,HPE,49.21,12.71,3.568,1746.4,48.540000915527344,1,1,96.41,0,8.1,1,1394,45.95,0,0,,,,,,
2026-07-13,2026-07-10,2026-07-13,4,US,FLEX,41.88,26.14,2.23,1259.2,135.8000030517578,1,1,95.34,0,6.78,1,1394,5.18,0,0,,,,,,
2026-07-13,2026-07-10,2026-07-13,5,KR,000660.KS,72.94,4.74,3.68,9175.0,1845000.0,1,0,93.73,1,3.76,0,351,11.56,0,0,,,,,,
2026-07-13,2026-07-10,2026-07-13,6,US,MCHP,27.45,25.84,16.326,1189.3,88.58999633789062,0,1,91.32,0,4.17,1,1394,2.73,0,0,,,,,,
2026-07-13,2026-07-10,2026-07-13,7,KR,005930.KS,57.54,4.47,4.487,6839.6,254500.0,0,0,90.31,1,2.89,0,351,12.59,0,0,,,,,,
2026-07-13,2026-07-10,2026-07-13,8,KR,011070.KS,50.53,16.28,1.982,356.2,661000.0,0,0,88.89,1,2.49,0,351,7.79,0,0,,,,,,
2026-07-13,2026-07-10,2026-07-13,9,US,NVDA,20.42,19.84,1.628,33205.2,210.9600067138672,0,0,87.8,0,2.91,0,1394,3.4,0,0,,,,,,
2026-07-13,2026-07-10,2026-07-13,10,US,AVGO,19.47,23.53,2.833,13526.4,399.9700012207031,0,0,86.94,0,2.73,0,1394,4.12,0,0,,,,,,
2026-07-13,2026-07-10,2026-07-13,11,US,ADI,16.08,28.2,2.084,2185.8,395.6499938964844,0,0,83.72,0,2.12,0,1394,1.7,0,0,,,,,,
2026-07-13,2026-07-10,2026-07-13,12,US,ON,15.41,25.69,2.649,1519.9,95.95999908447266,0,0,83.07,0,2.0,0,1394,3.53,0,0,,,,,,
2026-07-13,2026-07-10,2026-07-13,13,US,APH,15.17,29.98,1.524,1482.5,159.05999755859375,0,0,82.71,0,1.96,0,1394,2.02,0,0,,,,,,
2026-07-13,2026-07-10,2026-07-13,14,US,NOK,15.01,27.76,2.987,1573.3,12.4399995803833,0,0,82.57,0,1.93,0,1394,1.93,0,0,,,,,,
2026-07-13,2026-07-10,2026-07-13,15,KR,066570.KS,27.05,12.52,2.725,477.5,185600.0,0,0,80.06,0,1.17,0,351,6.77,0,0,,,,,,
2026-07-13,2026-07-10,2026-07-13,16,US,NXPI,11.03,17.9,1.562,1309.1,292.260009765625,0,0,76.33,0,1.21,0,1394,1.89,0,0,,,,,,
2026-07-13,2026-07-10,2026-07-13,17,US,SOFI,9.72,26.6,1.605,1469.3,18.780000686645508,0,0,73.31,0,0.98,0,1394,5.69,0,0,,,,,,
2026-07-13,2026-07-10,2026-07-13,18,KR,329180.KS,20.68,15.0,1.79,143.3,487500.0,0,0,73.22,0,0.81,0,351,2.14,0,1,,,,,,
2026-07-13,2026-07-10,2026-07-13,19,US,APP,9.35,27.11,1.607,2854.3,506.9800109863281,0,0,72.45,0,0.91,0,1394,2.32,0,0,,,,,,
2026-07-13,2026-07-10,2026-07-13,20,US,CRM,8.86,11.08,1.705,2965.3,163.32000732421875,0,0,71.45,0,0.82,0,1394,0.63,0,1,,,,,,
2026-07-14,2026-07-13,2026-07-14,1,US,SNDK,156.46,8.19,7.107,21912.3,1673.969970703125,1,1,99.57,1,27.61,1,1390,14.02,0,0,,,,,,
2026-07-14,2026-07-13,2026-07-14,2,US,MU,69.14,6.71,3.159,56029.6,937.0,1,1,98.35,1,11.76,1,1390,41.46,0,0,,,,,,
2026-07-14,2026-07-13,2026-07-14,3,US,HPE,49.25,12.36,3.573,1756.0,47.2400016784668,1,1,96.76,1,8.15,1,1390,46.0,0,0,,,,,,
2026-07-14,2026-07-13,2026-07-14,4,US,FLEX,42.3,24.83,2.239,1245.0,129.5,1,1,95.83,0,6.89,1,1390,3.99,0,0,,,,,,
2026-07-14,2026-07-13,2026-07-14,5,US,MCHP,27.33,24.51,16.364,1167.8,84.2300033569336,1,1,91.58,0,4.18,1,1390,2.73,0,0,,,,,,
2026-07-14,2026-07-13,2026-07-14,6,KR,005930.KS,57.62,4.61,4.491,6695.7,263000.0,0,0,90.31,1,2.9,0,351,12.61,0,0,,,,,,
2026-07-14,2026-07-13,2026-07-14,7,KR,011070.KS,50.55,15.78,1.983,308.7,641000.0,0,0,88.89,1,2.5,0,351,7.8,0,0,,,,,,
2026-07-14,2026-07-13,2026-07-14,8,US,NVDA,20.62,19.06,1.635,33052.7,203.52999877929688,0,0,88.27,0,2.96,0,1390,3.37,0,0,,,,,,
2026-07-14,2026-07-13,2026-07-14,9,US,AVGO,19.47,22.51,2.844,13473.9,384.04998779296875,0,0,87.19,0,2.75,0,1390,4.11,0,0,,,,,,
2026-07-14,2026-07-13,2026-07-14,10,US,ADI,16.13,27.48,2.087,2159.8,386.010009765625,0,0,84.32,0,2.14,0,1390,1.7,0,0,,,,,,
2026-07-14,2026-07-13,2026-07-14,11,US,ON,15.39,24.13,2.656,1481.3,90.37000274658203,0,0,83.38,0,2.01,0,1390,3.53,0,0,,,,,,
2026-07-14,2026-07-13,2026-07-14,12,US,APH,15.18,29.36,1.527,1467.1,155.99000549316406,0,0,83.02,0,1.97,0,1390,2.03,0,0,,,,,,
2026-07-14,2026-07-13,2026-07-14,13,US,NOK,15.02,26.04,2.992,1529.4,11.6899995803833,0,0,82.88,0,1.94,0,1390,1.93,0,0,,,,,,
2026-07-14,2026-07-13,2026-07-14,14,KR,066570.KS,27.08,12.49,2.727,440.1,185400.0,0,0,80.63,0,1.17,0,351,6.76,0,0,,,,,,
2026-07-14,2026-07-13,2026-07-14,15,US,NXPI,11.01,17.03,1.565,1284.9,278.3900146484375,0,0,76.55,0,1.22,0,1390,1.89,0,0,,,,,,
2026-07-14,2026-07-13,2026-07-14,16,US,SOFI,9.72,25.61,1.609,1491.0,18.1299991607666,0,0,73.67,0,0.98,0,1390,5.7,0,1,,,,,,
2026-07-14,2026-07-13,2026-07-14,17,KR,329180.KS,20.65,14.33,1.791,141.8,466000.0,0,0,73.22,0,0.81,0,351,2.14,0,1,,,,,,
2026-07-14,2026-07-13,2026-07-14,18,US,APP,9.34,23.63,1.61,2756.7,442.8500061035156,0,0,72.73,0,0.91,0,1390,2.32,0,1,,,,,,
2026-07-14,2026-07-13,2026-07-14,19,US,CRM,8.82,11.61,1.707,2901.3,171.22000122070312,0,0,71.87,0,0.82,0,1390,0.62,0,1,,,,,,
2026-07-14,2026-07-13,2026-07-14,20,US,CSCO,7.82,25.09,1.543,3098.0,119.25,0,0,68.56,0,0.64,0,1390,1.03,0,0,,,,,,
2026-07-14,2026-07-13,2026-07-14,1,US,SNDK,156.46,8.19,7.107,21912.3,1673.969970703125,1,1,99.57,1,27.61,1,1390,14.02,0,0,,,,,,
2026-07-14,2026-07-13,2026-07-14,2,US,MU,69.14,6.71,3.159,56029.6,937.0,1,1,98.35,1,11.76,1,1390,41.46,0,0,,,,,,
2026-07-14,2026-07-13,2026-07-14,3,US,HPE,49.25,12.36,3.573,1756.0,47.2400016784668,1,1,96.76,0,8.15,1,1390,46.0,0,0,,,,,,
2026-07-14,2026-07-13,2026-07-14,4,US,FLEX,42.3,24.83,2.239,1245.0,129.5,1,1,95.83,0,6.89,1,1390,3.99,0,0,,,,,,
2026-07-14,2026-07-13,2026-07-14,5,KR,000660.KS,74.74,4.94,3.661,9290.1,1913000.0,1,0,93.73,1,3.87,0,351,10.9,0,0,,,,,,
2026-07-14,2026-07-13,2026-07-14,6,US,MCHP,27.33,24.51,16.364,1167.8,84.2300033569336,0,1,91.58,0,4.18,1,1390,2.73,0,0,,,,,,
2026-07-14,2026-07-13,2026-07-14,7,KR,005930.KS,57.62,4.61,4.491,6697.1,263000.0,0,0,90.31,1,2.9,0,351,12.61,0,0,,,,,,
2026-07-14,2026-07-13,2026-07-14,8,KR,011070.KS,50.55,15.78,1.983,308.7,641000.0,0,0,88.89,1,2.5,0,351,7.8,0,0,,,,,,
2026-07-14,2026-07-13,2026-07-14,9,US,NVDA,20.62,19.06,1.635,33052.7,203.52999877929688,0,0,88.27,0,2.96,0,1390,3.37,0,0,,,,,,
2026-07-14,2026-07-13,2026-07-14,10,US,AVGO,19.47,22.51,2.844,13473.9,384.04998779296875,0,0,87.19,0,2.75,0,1390,4.11,0,0,,,,,,
2026-07-14,2026-07-13,2026-07-14,11,US,ADI,16.13,27.48,2.087,2159.8,386.010009765625,0,0,84.32,0,2.14,0,1390,1.7,0,0,,,,,,
2026-07-14,2026-07-13,2026-07-14,12,US,ON,15.39,24.13,2.656,1481.3,90.37000274658203,0,0,83.38,0,2.01,0,1390,3.53,0,0,,,,,,
2026-07-14,2026-07-13,2026-07-14,13,US,APH,15.18,29.36,1.527,1467.1,155.99000549316406,0,0,83.02,0,1.97,0,1390,2.03,0,0,,,,,,
2026-07-14,2026-07-13,2026-07-14,14,US,NOK,15.02,26.04,2.992,1529.4,11.6899995803833,0,0,82.88,0,1.94,0,1390,1.93,0,0,,,,,,
2026-07-14,2026-07-13,2026-07-14,15,KR,066570.KS,27.08,12.49,2.727,440.2,185400.0,0,0,80.63,0,1.17,0,351,6.76,0,0,,,,,,
2026-07-14,2026-07-13,2026-07-14,16,US,NXPI,11.01,17.03,1.565,1284.9,278.3900146484375,0,0,76.55,0,1.22,0,1390,1.89,0,0,,,,,,
2026-07-14,2026-07-13,2026-07-14,17,US,SOFI,9.72,25.61,1.609,1491.0,18.1299991607666,0,0,73.67,0,0.98,0,1390,5.7,0,1,,,,,,
2026-07-14,2026-07-13,2026-07-14,18,KR,329180.KS,20.65,14.33,1.791,141.9,466000.0,0,0,73.22,0,0.81,0,351,2.14,0,1,,,,,,
2026-07-14,2026-07-13,2026-07-14,19,US,APP,9.34,23.63,1.61,2756.7,442.8500061035156,0,0,72.73,0,0.91,0,1390,2.32,0,1,,,,,,
2026-07-14,2026-07-13,2026-07-14,20,US,CRM,8.82,11.61,1.707,2901.3,171.22000122070312,0,0,71.87,0,0.82,0,1390,0.62,0,1,,,,,,
2026-07-15,2026-07-14,2026-07-15,1,US,SNDK,129.97,8.44,7.237,22140.6,1757.8199462890625,1,1,99.35,1,22.67,1,1391,13.3,0,0,,,,,,
2026-07-15,2026-07-14,2026-07-15,2,US,MU,69.17,7.03,3.164,55610.0,983.1199951171875,1,1,98.27,1,11.7,1,1391,41.48,0,0,,,,,,
2026-07-15,2026-07-14,2026-07-15,3,US,HPE,49.26,12.96,3.574,1755.4,49.560001373291016,1,1,96.62,0,8.11,1,1391,46.01,0,0,,,,,,
2026-07-15,2026-07-14,2026-07-15,4,US,FLEX,42.44,25.32,2.242,1233.0,132.24000549316406,1,1,95.76,0,6.88,1,1391,3.99,0,0,,,,,,
2026-07-15,2026-07-14,2026-07-15,5,KR,000660.KS,70.45,5.33,3.691,9291.7,2082000.0,1,0,92.88,1,3.68,0,351,10.94,0,0,,,,,,
2026-07-15,2026-07-14,2026-07-15,6,US,MCHP,27.29,25.33,16.376,1172.1,87.11000061035156,0,1,91.52,0,4.15,1,1391,2.73,0,0,,,,,,
2026-07-15,2026-07-14,2026-07-15,7,KR,005930.KS,57.91,4.89,4.501,6501.7,279500.0,0,0,90.03,1,2.95,0,351,12.46,0,0,,,,,,
2026-07-15,2026-07-14,2026-07-15,8,KR,011070.KS,52.47,16.71,2.009,281.5,688000.0,0,0,88.89,1,2.64,0,351,9.18,0,0,,,,,,
2026-07-15,2026-07-14,2026-07-15,9,US,NVDA,20.63,19.81,1.637,32849.2,211.8000030517578,0,0,88.28,0,2.95,0,1391,3.37,0,0,,,,,,
2026-07-15,2026-07-14,2026-07-15,10,US,AVGO,19.48,22.78,2.847,13493.0,389.1099853515625,0,0,87.28,0,2.74,0,1391,4.1,0,0,,,,,,
2026-07-15,2026-07-14,2026-07-15,11,US,APH,16.59,29.41,1.548,1427.9,158.3699951171875,0,0,84.69,0,2.22,0,1391,3.38,0,0,,,,,,
2026-07-15,2026-07-14,2026-07-15,12,US,ON,15.63,24.92,2.667,1475.6,93.7300033569336,0,0,83.97,0,2.04,0,1391,3.87,0,0,,,,,,
2026-07-15,2026-07-14,2026-07-15,13,US,ADI,15.58,27.9,2.091,2134.2,392.75,0,0,83.75,0,2.03,0,1391,1.64,0,0,,,,,,
2026-07-15,2026-07-14,2026-07-15,14,US,NOK,15.03,26.05,2.994,1510.1,11.699999809265137,0,0,83.11,0,1.93,0,1391,1.94,0,0,,,,,,
2026-07-15,2026-07-14,2026-07-15,15,KR,066570.KS,27.11,13.07,2.729,355.2,194000.0,0,0,80.63,0,1.16,0,351,6.76,0,0,,,,,,
2026-07-15,2026-07-14,2026-07-15,16,US,SMCI,11.16,8.72,1.813,2180.9,27.649999618530273,0,0,76.64,0,1.24,0,1391,0.77,0,1,,,,,,
2026-07-15,2026-07-14,2026-07-15,17,US,NXPI,11.13,17.33,1.568,1292.3,283.8699951171875,0,0,76.56,0,1.23,0,1391,2.04,0,0,,,,,,
2026-07-15,2026-07-14,2026-07-15,18,KR,329180.KS,21.56,14.37,1.805,136.6,471000.0,0,0,74.64,0,0.84,0,351,3.25,0,1,,,,,,
2026-07-15,2026-07-14,2026-07-15,19,US,SOFI,9.72,26.18,1.61,1510.5,18.549999237060547,0,0,73.76,0,0.98,0,1391,5.7,0,0,,,,,,
2026-07-15,2026-07-14,2026-07-15,20,US,APP,9.6,23.88,1.616,2792.7,448.9800109863281,0,0,73.33,0,0.96,0,1391,2.58,0,1,,,,,,
2026-07-16,2026-07-15,2026-07-16,1,US,SNDK,129.54,7.76,7.237,22210.4,1615.0,1,1,99.35,1,22.63,1,1394,13.09,0,0,,,,,,
2026-07-16,2026-07-15,2026-07-16,2,US,MU,69.2,6.46,3.169,54662.6,904.280029296875,1,1,98.28,1,11.73,1,1394,41.49,0,0,,,,,,
2026-07-16,2026-07-15,2026-07-16,3,US,HPE,49.27,12.39,3.576,1660.6,47.38999938964844,1,1,96.56,0,8.13,1,1394,46.02,0,0,,,,,,
2026-07-16,2026-07-15,2026-07-16,4,US,STX,48.33,29.89,2.629,4220.2,828.2999877929688,1,0,96.41,0,7.96,1,1394,4.8,0,0,,,,,,
2026-07-16,2026-07-15,2026-07-16,5,US,FLEX,42.58,24.61,2.244,1186.3,128.72000122070312,1,1,95.77,0,6.92,1,1394,3.98,0,0,,,,,,
2026-07-16,2026-07-15,2026-07-16,6,KR,000660.KS,70.52,4.71,3.694,9426.7,1842000.0,0,0,92.88,1,3.69,0,351,10.95,0,0,,,,,,
2026-07-16,2026-07-15,2026-07-16,7,US,MCHP,27.25,25.06,16.389,1166.0,86.26000213623047,0,1,91.54,0,4.15,0,1394,2.73,0,0,,,,,,
2026-07-16,2026-07-15,2026-07-16,8,KR,005930.KS,57.98,4.46,4.505,6461.5,255000.0,0,0,90.6,1,2.96,0,351,12.48,0,0,,,,,,
2026-07-16,2026-07-15,2026-07-16,9,KR,011070.KS,52.49,16.22,2.01,273.5,668000.0,0,0,88.89,1,2.64,0,351,9.2,0,0,,,,,,
2026-07-16,2026-07-15,2026-07-16,10,US,NVDA,20.65,19.86,1.639,31692.8,212.5,0,0,88.31,0,2.95,0,1394,3.37,0,0,,,,,,
2026-07-16,2026-07-15,2026-07-16,11,US,AVGO,19.48,23.05,2.851,13132.4,394.2799987792969,0,0,87.3,0,2.74,0,1394,4.1,0,0,,,,,,
2026-07-16,2026-07-15,2026-07-16,12,US,APH,16.59,29.15,1.548,1387.6,157.0399932861328,0,0,84.72,0,2.22,0,1394,3.39,0,0,,,,,,
2026-07-16,2026-07-15,2026-07-16,13,US,ON,15.62,24.58,2.67,1454.1,92.54000091552734,0,0,84.07,0,2.05,0,1394,3.87,0,0,,,,,,
2026-07-16,2026-07-15,2026-07-16,14,US,ADI,15.59,27.76,2.092,2099.5,390.9599914550781,0,0,84.0,0,2.04,0,1394,1.64,0,0,,,,,,
2026-07-16,2026-07-15,2026-07-16,15,US,NOK,15.03,25.04,2.996,1488.4,11.25,0,0,83.21,0,1.94,0,1394,1.94,0,0,,,,,,
2026-07-16,2026-07-15,2026-07-16,16,KR,066570.KS,27.13,12.05,2.73,332.9,179000.0,0,0,80.63,0,1.17,0,351,6.76,0,0,,,,,,
2026-07-16,2026-07-15,2026-07-16,17,US,NXPI,11.13,17.02,1.568,1280.5,279.010009765625,0,0,76.61,0,1.23,0,1394,2.04,0,0,,,,,,
2026-07-16,2026-07-15,2026-07-16,18,US,SMCI,11.08,8.48,1.813,2058.3,26.889999389648438,0,0,76.33,0,1.22,0,1394,0.71,0,1,,,,,,
2026-07-16,2026-07-15,2026-07-16,19,KR,329180.KS,21.53,14.76,1.806,135.9,484000.0,0,0,74.64,0,0.84,0,351,3.24,0,1,,,,,,
2026-07-16,2026-07-15,2026-07-16,20,US,SOFI,9.72,25.2,1.612,1474.3,17.8700008392334,0,0,73.82,0,0.98,0,1394,5.7,0,1,,,,,,
2026-07-17,2026-07-16,2026-07-16,1,US,SNDK,120.5,6.79,7.225,22669.3,1411.0799560546875,1,1,99.36,1,20.74,1,1398,12.68,0,0,,,,,,
2026-07-17,2026-07-16,2026-07-16,2,US,MU,68.82,6.06,3.19,54707.3,853.2000122070312,1,1,98.28,1,11.51,1,1398,37.27,0,0,,,,,,
2026-07-17,2026-07-16,2026-07-16,3,US,STX,52.27,26.18,2.702,4247.8,745.489990234375,1,0,96.64,0,8.56,1,1398,6.86,0,0,,,,,,
2026-07-17,2026-07-16,2026-07-16,4,US,HPE,49.29,11.79,3.577,1511.4,45.130001068115234,1,1,96.35,0,8.02,1,1398,46.04,0,0,,,,,,
2026-07-17,2026-07-16,2026-07-16,5,US,FLEX,42.4,23.18,2.242,1185.3,121.12000274658203,1,1,95.57,0,6.8,1,1398,3.75,0,0,,,,,,
2026-07-17,2026-07-16,2026-07-16,6,KR,000660.KS,67.95,4.72,3.688,9346.0,1842000.0,0,0,92.02,1,3.46,0,351,10.66,0,0,,,,,,
2026-07-17,2026-07-16,2026-07-16,7,US,MCHP,27.95,23.58,16.498,1153.0,81.68000030517578,0,1,91.92,0,4.21,0,1398,3.34,0,0,,,,,,
2026-07-17,2026-07-16,2026-07-16,8,KR,005930.KS,58.06,4.46,4.509,6405.5,255000.0,0,0,90.31,1,2.9,0,351,12.5,0,0,,,,,,
2026-07-17,2026-07-16,2026-07-16,9,KR,011070.KS,52.6,16.2,2.013,272.1,668000.0,0,0,88.32,1,2.59,0,351,8.26,0,0,,,,,,
2026-07-17,2026-07-16,2026-07-16,10,US,NVDA,20.23,19.35,1.642,30986.8,207.39999389648438,0,0,88.27,0,2.84,0,1398,3.46,0,0,,,,,,
2026-07-17,2026-07-16,2026-07-16,11,US,AVGO,19.02,21.84,2.857,12878.8,374.45001220703125,0,0,87.41,0,2.62,0,1398,4.18,0,0,,,,,,
2026-07-17,2026-07-16,2026-07-16,12,US,ADI,16.84,26.72,2.116,2081.8,380.5299987792969,0,0,85.19,0,2.23,0,1398,2.73,0,0,,,,,,
2026-07-17,2026-07-16,2026-07-16,13,US,APH,16.69,28.38,1.55,1383.9,153.13999938964844,0,0,85.05,0,2.2,0,1398,3.48,0,0,,,,,,
2026-07-17,2026-07-16,2026-07-16,14,US,ON,15.95,23.32,2.68,1452.4,88.12000274658203,0,0,84.33,0,2.07,0,1398,4.16,0,0,,,,,,
2026-07-17,2026-07-16,2026-07-16,15,US,NOK,15.03,23.09,2.997,1437.8,10.380000114440918,0,0,83.12,0,1.91,0,1398,1.94,0,1,,,,,,
2026-07-17,2026-07-16,2026-07-16,16,KR,066570.KS,27.16,12.04,2.732,331.2,179000.0,0,0,79.77,0,1.14,0,351,6.75,0,0,,,,,,
2026-07-17,2026-07-16,2026-07-16,17,US,NXPI,11.46,16.46,1.574,1285.9,270.6600036621094,0,0,78.18,0,1.27,0,1398,2.35,0,0,,,,,,
2026-07-17,2026-07-16,2026-07-16,18,US,SMCI,11.0,7.78,1.813,2002.4,24.68000030517578,0,0,76.54,0,1.19,0,1398,0.66,0,1,,,,,,
2026-07-17,2026-07-16,2026-07-16,19,US,SOFI,9.72,24.41,1.613,1457.5,17.31999969482422,0,0,74.54,0,0.96,0,1398,5.7,0,1,,,,,,
2026-07-17,2026-07-16,2026-07-16,20,US,APP,9.6,23.07,1.618,2746.7,434.4800109863281,0,0,73.89,0,0.94,0,1398,2.58,0,1,,,,,,
2026-07-20,2026-07-17,2026-07-20,1,US,SNDK,120.08,6.52,7.225,23084.2,1354.8199462890625,1,1,99.36,1,20.66,1,1400,12.47,0,0,,,,,,
2026-07-20,2026-07-17,2026-07-20,2,US,MU,68.85,6.02,3.195,54349.4,848.9500122070312,1,1,98.29,1,11.51,1,1400,37.28,0,0,,,,,,
2026-07-20,2026-07-17,2026-07-20,3,US,STX,52.11,27.66,2.702,4323.3,787.6599731445312,1,0,96.64,0,8.53,1,1400,6.72,0,0,,,,,,
2026-07-20,2026-07-17,2026-07-20,4,US,HPE,49.3,11.97,3.579,1266.7,45.81999969482422,1,1,96.36,0,8.02,1,1400,46.05,0,0,,,,,,
2026-07-20,2026-07-17,2026-07-20,5,US,FLEX,42.54,22.8,2.245,1173.9,119.25,1,1,95.57,0,6.82,1,1400,3.75,0,0,,,,,,
2026-07-20,2026-07-17,2026-07-20,6,KR,000660.KS,67.06,4.51,3.698,9367.8,1764000.0,0,0,92.26,1,3.38,0,349,9.93,0,0,,,,,,
2026-07-20,2026-07-17,2026-07-20,7,US,MCHP,27.91,23.35,16.51,1142.9,80.95999908447266,0,1,91.93,0,4.21,0,1400,3.34,0,1,,,,,,
2026-07-20,2026-07-17,2026-07-20,8,KR,005930.KS,58.28,4.25,4.52,6343.6,244000.0,0,0,90.54,1,2.89,0,349,12.56,0,0,,,,,,
2026-07-20,2026-07-17,2026-07-20,9,US,NVDA,20.24,18.9,1.643,30402.6,202.80999755859375,0,0,88.29,0,2.84,0,1400,3.46,0,0,,,,,,
2026-07-20,2026-07-17,2026-07-20,10,KR,011070.KS,52.66,14.58,2.016,252.7,602000.0,0,0,88.25,1,2.57,0,349,8.3,0,0,,,,,,
2026-07-20,2026-07-17,2026-07-20,11,US,AVGO,19.02,21.61,2.86,12557.0,370.82501220703125,0,0,87.43,0,2.62,0,1400,4.18,0,0,,,,,,
2026-07-20,2026-07-17,2026-07-20,12,KR,353200.KS,42.81,24.17,2.603,108.0,120700.0,0,0,85.96,0,2.01,0,349,10.61,0,0,,,,,,
2026-07-20,2026-07-17,2026-07-20,13,US,ADI,16.86,26.35,2.117,2063.9,375.3599853515625,0,0,85.21,0,2.23,0,1400,2.73,0,0,,,,,,
2026-07-20,2026-07-17,2026-07-20,14,US,APH,16.7,28.01,1.551,1355.3,151.1999969482422,0,0,85.07,0,2.2,0,1400,3.48,0,0,,,,,,
2026-07-20,2026-07-17,2026-07-20,15,US,ON,15.94,23.1,2.682,1434.0,87.37000274658203,0,0,84.21,0,2.07,0,1400,4.16,0,0,,,,,,
2026-07-20,2026-07-17,2026-07-20,16,US,NOK,15.03,22.5,2.999,1411.3,10.119999885559082,0,0,83.14,0,1.91,0,1400,1.94,0,1,,,,,,
2026-07-20,2026-07-17,2026-07-20,17,KR,240810.KQ,28.68,27.6,2.769,212.7,115100.0,0,0,80.8,0,1.22,0,349,3.76,0,1,,,,,,
2026-07-20,2026-07-17,2026-07-20,18,KR,066570.KS,27.24,11.23,2.736,295.9,167200.0,0,0,80.23,0,1.13,0,349,6.74,0,0,,,,,,
2026-07-20,2026-07-17,2026-07-20,19,US,NXPI,11.46,16.2,1.575,1280.5,266.5299987792969,0,0,78.14,0,1.27,0,1400,2.35,0,0,,,,,,
2026-07-20,2026-07-17,2026-07-20,20,US,SMCI,10.92,7.62,1.813,1940.3,24.18000030517578,0,0,76.36,0,1.17,0,1400,0.61,0,1,,,,,,
2026-07-21,2026-07-20,2026-07-21,1,US,SNDK,123.86,6.54,7.39,23249.6,1390.949951171875,1,1,99.43,1,21.5,1,1399,14.41,0,0,,,,,,
2026-07-21,2026-07-20,2026-07-21,2,US,MU,67.01,6.09,3.218,54680.5,865.4600219726562,1,1,98.07,1,11.27,1,1399,33.09,0,0,,,,,,
2026-07-21,2026-07-20,2026-07-21,3,US,STX,50.21,28.18,2.702,4416.4,802.4500122070312,1,0,96.43,0,8.25,1,1399,6.32,0,0,,,,,,
2026-07-21,2026-07-20,2026-07-21,4,US,HPE,49.67,11.62,3.583,1185.0,44.560001373291016,1,1,96.35,0,8.16,1,1399,1.29,1,0,,,,,,
2026-07-21,2026-07-20,2026-07-21,5,US,FLEX,42.59,22.81,2.256,1158.8,119.91000366210938,1,1,95.43,0,6.88,1,1399,3.84,0,0,,,,,,
2026-07-21,2026-07-20,2026-07-21,6,KR,000660.KS,67.11,4.69,3.701,9280.3,1836000.0,0,0,92.26,1,3.44,0,349,9.94,0,0,,,,,,
2026-07-21,2026-07-20,2026-07-21,7,US,MCHP,27.89,23.15,16.561,1144.2,80.51000213623047,0,1,91.85,0,4.24,0,1399,3.16,0,1,,,,,,
2026-07-21,2026-07-20,2026-07-21,8,KR,005930.KS,53.9,4.51,4.524,6207.4,259000.0,0,0,89.11,1,2.68,0,349,11.77,0,0,,,,,,
2026-07-21,2026-07-20,2026-07-21,9,US,NVDA,20.23,18.85,1.651,30225.8,203.27999877929688,0,0,88.56,0,2.86,0,1399,3.63,0,0,,,,,,
2026-07-21,2026-07-20,2026-07-21,10,KR,011070.KS,52.68,15.22,2.017,243.4,629000.0,0,0,88.54,1,2.61,0,349,8.32,0,0,,,,,,
2026-07-21,2026-07-20,2026-07-21,11,US,AVGO,18.86,21.95,2.871,12044.7,378.1600036621094,0,0,87.28,0,2.61,0,1399,4.16,0,0,,,,,,
2026-07-21,2026-07-20,2026-07-21,12,KR,353200.KS,42.82,24.11,2.605,108.9,120500.0,0,0,85.96,0,2.04,0,349,10.63,0,0,,,,,,
2026-07-21,2026-07-20,2026-07-21,13,US,APH,16.5,27.8,1.556,1346.9,150.50999450683594,0,0,84.92,0,2.19,0,1399,3.66,0,0,,,,,,
2026-07-21,2026-07-20,2026-07-21,14,US,ADI,16.44,26.1,2.12,2026.7,372.4599914550781,0,0,84.77,0,2.18,0,1399,2.69,0,0,,,,,,
2026-07-21,2026-07-20,2026-07-21,15,US,ON,15.87,22.87,2.689,1417.8,86.69999694824219,0,0,84.27,0,2.07,0,1399,3.35,0,1,,,,,,
2026-07-21,2026-07-20,2026-07-21,16,US,NOK,15.04,22.37,3.004,1367.5,10.079999923706055,0,0,83.42,0,1.93,0,1399,1.95,0,1,,,,,,
2026-07-21,2026-07-20,2026-07-21,17,US,UNH,13.49,20.03,1.59,2868.3,421.54998779296875,0,0,81.34,0,1.65,0,1399,7.49,0,0,,,,,,
2026-07-21,2026-07-20,2026-07-21,18,KR,240810.KQ,28.68,27.82,2.771,212.1,116100.0,0,0,80.52,0,1.23,0,349,3.77,0,1,,,,,,
2026-07-21,2026-07-20,2026-07-21,19,KR,066570.KS,27.26,11.63,2.738,274.7,173200.0,0,0,79.66,0,1.15,0,349,3.89,0,0,,,,,,
2026-07-21,2026-07-20,2026-07-21,20,US,NXPI,11.86,16.18,1.58,1280.6,267.17999267578125,0,0,78.98,0,1.35,0,1399,2.56,0,0,,,,,,
2026-07-22,2026-07-21,2026-07-22,1,US,SNDK,123.45,7.48,7.39,23219.3,1589.4000244140625,1,1,99.36,1,21.62,1,1399,14.21,0,0,,,,,,
2026-07-22,2026-07-21,2026-07-22,2,US,MU,67.03,6.82,3.223,53955.9,970.8200073242188,1,1,98.07,1,11.38,1,1399,33.09,0,0,,,,,,
2026-07-22,2026-07-21,2026-07-22,3,US,HPE,49.69,12.18,3.585,1137.0,46.720001220703125,1,1,96.28,0,8.23,1,1399,1.29,1,0,,,,,,
2026-07-22,2026-07-21,2026-07-22,4,US,FLEX,42.73,24.2,2.259,1144.6,127.38999938964844,1,1,95.43,0,6.97,1,1399,3.84,0,0,,,,,,
2026-07-22,2026-07-21,2026-07-22,5,KR,000660.KS,67.17,4.67,3.705,9174.6,1830000.0,1,0,92.26,1,3.44,0,349,9.95,0,0,,,,,,
2026-07-22,2026-07-21,2026-07-22,6,US,MCHP,27.85,23.96,16.574,1133.6,83.37999725341797,0,1,91.92,0,4.27,1,1399,3.16,0,0,,,,,,
2026-07-22,2026-07-21,2026-07-22,7,KR,005930.KS,53.96,4.53,4.528,6113.4,260500.0,0,0,89.11,1,2.68,0,349,11.79,0,0,,,,,,
2026-07-22,2026-07-21,2026-07-22,8,KR,011070.KS,52.69,15.65,2.018,226.7,647000.0,0,0,88.54,1,2.61,0,349,8.34,0,0,,,,,,
2026-07-22,2026-07-21,2026-07-22,9,US,NVDA,20.24,19.21,1.653,29596.6,207.2899932861328,0,0,88.49,0,2.89,0,1399,3.63,0,0,,,,,,
2026-07-22,2026-07-21,2026-07-22,10,US,AVGO,18.86,22.41,2.875,11098.0,386.5,0,0,87.28,0,2.64,0,1399,4.16,0,0,,,,,,
2026-07-22,2026-07-21,2026-07-22,11,KR,353200.KS,42.82,23.79,2.608,107.9,119000.0,0,0,85.96,0,2.04,0,349,10.64,0,0,,,,,,
2026-07-22,2026-07-21,2026-07-22,12,US,APH,16.5,29.13,1.557,1343.4,157.80999755859375,0,0,84.92,0,2.21,0,1399,3.66,0,0,,,,,,
2026-07-22,2026-07-21,2026-07-22,13,US,ADI,16.45,26.82,2.121,2015.0,382.80999755859375,0,0,84.77,0,2.2,0,1399,2.7,0,0,,,,,,
2026-07-22,2026-07-21,2026-07-22,14,US,ON,15.86,23.99,2.692,1389.7,91.05999755859375,0,0,84.27,0,2.1,0,1399,3.35,0,0,,,,,,
2026-07-22,2026-07-21,2026-07-22,15,US,NOK,15.05,23.58,3.006,1323.4,10.630000114440918,0,0,83.35,0,1.95,0,1399,1.95,0,1,,,,,,
2026-07-22,2026-07-21,2026-07-22,16,US,UNH,13.49,20.73,1.59,2769.6,436.3500061035156,0,0,81.34,0,1.66,0,1399,7.49,0,0,,,,,,
2026-07-22,2026-07-21,2026-07-22,17,KR,240810.KQ,28.67,26.75,2.773,213.3,111700.0,0,0,80.52,0,1.23,0,349,3.77,0,1,,,,,,
2026-07-22,2026-07-21,2026-07-22,18,KR,066570.KS,27.29,12.26,2.739,252.6,182700.0,0,0,79.66,0,1.15,0,349,3.88,0,0,,,,,,
2026-07-22,2026-07-21,2026-07-22,19,US,NXPI,11.86,16.53,1.581,1264.3,273.1499938964844,0,0,78.98,0,1.37,0,1399,2.56,0,0,,,,,,
2026-07-22,2026-07-21,2026-07-22,20,US,SOFI,9.72,24.75,1.62,1475.0,17.639999389648438,0,0,74.77,0,0.98,0,1399,5.72,0,1,,,,,,
2026-07-23,2026-07-22,2026-07-23,1,US,SNDK,111.75,7.44,7.471,23285.9,1599.27001953125,1,1,99.21,1,19.38,1,1400,15.25,0,0,,,,,,
2026-07-23,2026-07-22,2026-07-23,2,US,MU,70.01,6.61,3.285,53329.0,959.47998046875,1,1,98.0,1,11.85,1,1400,35.46,0,0,,,,,,
2026-07-23,2026-07-22,2026-07-23,3,US,HPE,49.7,12.54,3.586,1095.9,48.130001068115234,1,1,96.29,1,8.19,1,1400,1.29,1,0,,,,,,
2026-07-23,2026-07-22,2026-07-23,4,US,FLEX,42.86,24.1,2.262,1130.3,127.0,1,1,95.57,0,6.96,1,1400,3.83,0,0,,,,,,
2026-07-23,2026-07-22,2026-07-23,5,US,MCHP,28.48,24.28,16.674,1107.9,85.0199966430664,1,1,92.29,0,4.36,1,1400,3.7,0,0,,,,,,
2026-07-23,2026-07-22,2026-07-23,6,KR,005930.KS,54.01,4.69,4.532,6248.8,270000.0,0,0,89.46,1,2.8,0,351,11.81,0,0,,,,,,
2026-07-23,2026-07-22,2026-07-23,7,KR,011070.KS,52.71,16.41,2.019,231.3,679000.0,0,0,89.17,1,2.72,0,351,8.35,0,0,,,,,,
2026-07-23,2026-07-22,2026-07-23,8,US,NVDA,20.4,19.61,1.656,28845.8,212.05999755859375,0,0,88.57,0,2.91,0,1400,3.75,0,0,,,,,,
2026-07-23,2026-07-22,2026-07-23,9,US,AVGO,18.67,22.93,2.884,10664.2,396.80999755859375,0,0,87.5,0,2.6,0,1400,4.2,0,0,,,,,,
2026-07-23,2026-07-22,2026-07-23,10,KR,353200.KS,45.29,24.19,2.655,110.8,123200.0,0,0,86.61,0,2.27,0,351,12.56,0,0,,,,,,
2026-07-23,2026-07-22,2026-07-23,11,US,ADI,16.92,26.97,2.131,1972.0,386.7300109863281,0,0,85.57,0,2.28,0,1400,3.1,0,0,,,,,,
2026-07-23,2026-07-22,2026-07-23,12,US,APH,16.5,29.06,1.557,1344.4,157.50999450683594,0,0,85.29,0,2.2,0,1400,3.66,0,0,,,,,,
2026-07-23,2026-07-22,2026-07-23,13,KR,000660.KS,39.45,4.89,3.708,9411.0,1919000.0,0,0,85.19,0,1.92,0,351,9.4,0,0,,,,,,
2026-07-23,2026-07-22,2026-07-23,14,US,ON,15.9,24.3,2.695,1339.0,92.33000183105469,0,0,84.79,0,2.1,0,1400,3.38,0,0,,,,,,
2026-07-23,2026-07-22,2026-07-23,15,US,NOK,15.05,22.79,3.008,1270.5,10.279999732971191,0,0,83.71,0,1.94,0,1400,1.95,0,1,,,,,,
2026-07-23,2026-07-22,2026-07-23,16,US,SMCI,13.56,9.44,1.851,1829.3,30.559999465942383,0,0,81.64,0,1.67,0,1400,2.48,0,0,,,,,,
2026-07-23,2026-07-22,2026-07-23,17,US,UNH,13.55,20.28,1.607,2724.8,431.30999755859375,0,0,81.57,0,1.67,0,1400,8.57,0,0,,,,,,
2026-07-23,2026-07-22,2026-07-23,18,KR,240810.KQ,28.67,27.11,2.775,217.8,113300.0,0,0,80.63,0,1.27,0,351,3.78,0,1,,,,,,
2026-07-23,2026-07-22,2026-07-23,19,KR,066570.KS,27.32,12.57,2.741,259.0,187500.0,0,0,80.34,0,1.19,0,351,3.88,0,0,,,,,,
2026-07-23,2026-07-22,2026-07-23,20,US,NXPI,12.21,16.84,1.584,1223.8,278.79998779296875,0,0,79.29,0,1.43,0,1400,2.32,0,0,,,,,,
2026-07-23,2026-07-22,2026-07-23,1,US,SNDK,111.75,7.44,7.471,23285.9,1599.27001953125,1,1,99.21,1,19.38,1,1400,15.25,0,0,,,,,,
2026-07-23,2026-07-22,2026-07-23,2,US,MU,70.01,6.61,3.285,53329.0,959.47998046875,1,1,98.0,1,11.85,1,1400,35.46,0,0,,,,,,
2026-07-23,2026-07-22,2026-07-23,3,US,HPE,49.7,12.54,3.586,1095.9,48.130001068115234,1,1,96.29,0,8.19,1,1400,1.29,1,0,,,,,,
2026-07-23,2026-07-22,2026-07-23,4,US,FLEX,42.86,24.1,2.262,1130.3,127.0,1,1,95.57,0,6.96,1,1400,3.83,0,0,,,,,,
2026-07-23,2026-07-22,2026-07-23,5,KR,000660.KS,67.23,4.89,3.708,9388.6,1919000.0,1,0,92.31,1,3.59,0,351,9.4,0,0,,,,,,
2026-07-23,2026-07-22,2026-07-23,6,US,MCHP,28.48,24.28,16.674,1107.9,85.0199966430664,0,1,92.29,0,4.36,1,1400,3.7,0,0,,,,,,
2026-07-23,2026-07-22,2026-07-23,7,KR,005930.KS,54.01,4.69,4.532,6233.9,270000.0,0,0,89.17,1,2.8,0,351,11.81,0,0,,,,,,
2026-07-23,2026-07-22,2026-07-23,8,KR,011070.KS,52.71,16.41,2.019,230.7,679000.0,0,0,88.89,1,2.72,0,351,8.35,0,0,,,,,,
2026-07-23,2026-07-22,2026-07-23,9,US,NVDA,20.4,19.61,1.656,28845.8,212.05999755859375,0,0,88.57,0,2.91,0,1400,3.75,0,0,,,,,,
2026-07-23,2026-07-22,2026-07-23,10,US,AVGO,18.67,22.93,2.884,10664.2,396.80999755859375,0,0,87.5,0,2.6,0,1400,4.2,0,0,,,,,,
2026-07-23,2026-07-22,2026-07-23,11,KR,353200.KS,45.29,24.19,2.655,110.5,123200.0,0,0,86.32,0,2.27,0,351,12.56,0,0,,,,,,
2026-07-23,2026-07-22,2026-07-23,12,US,ADI,16.92,26.97,2.131,1972.0,386.7300109863281,0,0,85.57,0,2.28,0,1400,3.1,0,0,,,,,,
2026-07-23,2026-07-22,2026-07-23,13,US,APH,16.5,29.06,1.557,1344.4,157.50999450683594,0,0,85.29,0,2.2,0,1400,3.66,0,0,,,,,,
2026-07-23,2026-07-22,2026-07-23,14,US,ON,15.9,24.3,2.695,1339.0,92.33000183105469,0,0,84.79,0,2.1,0,1400,3.38,0,0,,,,,,
2026-07-23,2026-07-22,2026-07-23,15,US,NOK,15.05,22.79,3.008,1270.5,10.279999732971191,0,0,83.71,0,1.94,0,1400,1.95,0,1,,,,,,
2026-07-23,2026-07-22,2026-07-23,16,US,SMCI,13.56,9.44,1.851,1829.3,30.559999465942383,0,0,81.64,0,1.67,0,1400,2.48,0,0,,,,,,
2026-07-23,2026-07-22,2026-07-23,17,US,UNH,13.55,20.28,1.607,2724.8,431.30999755859375,0,0,81.57,0,1.67,0,1400,8.57,0,0,,,,,,
2026-07-23,2026-07-22,2026-07-23,18,KR,240810.KQ,28.67,27.11,2.775,217.3,113300.0,0,0,80.63,0,1.27,0,351,3.78,0,1,,,,,,
2026-07-23,2026-07-22,2026-07-23,19,KR,066570.KS,27.32,12.57,2.741,258.4,187500.0,0,0,80.34,0,1.19,0,351,3.88,0,0,,,,,,
2026-07-23,2026-07-22,2026-07-23,20,US,NXPI,12.21,16.84,1.584,1223.8,278.79998779296875,0,0,79.29,0,1.43,0,1400,2.32,0,0,,,,,,
2026-07-24,2026-07-23,2026-07-24,1,US,SNDK,111.35,7.49,7.471,23399.5,1610.3299560546875,1,1,99.21,1,19.33,1,1400,15.04,0,0,,,,,,
2026-07-24,2026-07-23,2026-07-24,2,US,MU,70.03,6.81,3.29,52627.7,990.2100219726562,1,1,98.0,1,11.88,1,1400,35.47,0,0,,,,,,
2026-07-24,2026-07-23,2026-07-24,3,US,HPE,49.71,12.41,3.588,1071.9,47.63999938964844,1,1,96.29,1,8.21,1,1400,1.29,1,0,,,,,,
2026-07-24,2026-07-23,2026-07-24,4,US,FLEX,42.99,24.25,2.265,1108.9,127.94000244140625,1,1,95.57,0,6.99,1,1400,3.82,0,0,,,,,,
2026-07-24,2026-07-23,2026-07-24,5,US,MCHP,28.45,23.21,16.687,1084.0,81.3499984741211,1,1,92.36,0,4.37,1,1400,3.7,0,1,,,,,,
2026-07-24,2026-07-23,2026-07-24,6,KR,005930.KS,54.07,4.33,4.535,6204.5,249500.0,0,0,89.46,1,2.8,0,351,11.83,0,0,,,,,,
2026-07-24,2026-07-23,2026-07-24,7,KR,011070.KS,52.73,15.1,2.02,224.2,625000.0,0,0,88.89,1,2.72,0,351,8.37,0,0,,,,,,
2026-07-24,2026-07-23,2026-07-24,8,US,NVDA,20.41,19.28,1.658,28856.5,208.75999450683594,0,0,88.64,0,2.92,0,1400,3.75,0,0,,,,,,
2026-07-24,2026-07-23,2026-07-24,9,US,AVGO,18.67,22.65,2.887,10398.9,392.4700012207031,0,0,87.5,0,2.61,0,1400,4.2,0,0,,,,,,
2026-07-24,2026-07-23,2026-07-24,10,KR,353200.KS,45.3,21.48,2.658,109.7,109500.0,0,0,86.32,0,2.27,0,351,12.58,0,0,,,,,,
2026-07-24,2026-07-23,2026-07-24,11,US,ADI,16.94,26.5,2.132,1943.7,380.20001220703125,0,0,85.57,0,2.29,0,1400,3.1,0,0,,,,,,
2026-07-24,2026-07-23,2026-07-24,12,US,APH,16.5,29.03,1.558,1340.3,157.42999267578125,0,0,85.29,0,2.21,0,1400,3.67,0,0,,,,,,
2026-07-24,2026-07-23,2026-07-24,13,KR,000660.KS,39.59,4.48,3.712,9345.3,1759000.0,0,0,85.19,0,1.93,0,351,9.41,0,0,,,,,,
2026-07-24,2026-07-23,2026-07-24,14,US,ON,15.89,23.7,2.697,1310.1,90.12999725341797,0,0,84.64,0,2.1,0,1400,3.38,0,0,,,,,,
2026-07-24,2026-07-23,2026-07-24,15,US,UNH,13.55,19.9,1.607,2691.8,423.55999755859375,0,0,81.57,0,1.68,0,1400,8.57,0,0,,,,,,
2026-07-24,2026-07-23,2026-07-24,16,US,SMCI,13.48,9.63,1.851,1949.0,31.200000762939453,0,0,81.36,0,1.67,0,1400,2.43,0,0,,,,,,
2026-07-24,2026-07-23,2026-07-24,17,KR,240810.KQ,28.67,24.03,2.777,209.7,100500.0,0,0,80.63,0,1.28,0,351,3.78,0,1,,,,,,
2026-07-24,2026-07-23,2026-07-24,18,KR,066570.KS,27.34,11.34,2.743,248.0,169200.0,0,0,80.34,0,1.2,0,351,3.87,0,0,,,,,,
2026-07-24,2026-07-23,2026-07-24,19,US,NXPI,12.21,16.74,1.585,1189.6,277.2900085449219,0,0,79.21,0,1.44,0,1400,2.32,0,0,,,,,,
2026-07-24,2026-07-23,2026-07-24,20,KR,329180.KS,21.28,14.78,1.81,126.7,485500.0,0,0,74.64,0,0.83,0,351,3.21,0,1,,,,,,
2026-07-27,2026-07-24,2026-07-27,1,US,SNDK,109.0,6.75,7.402,23194.0,1436.56005859375,1,1,99.43,1,18.78,1,1399,13.77,0,0,,,,,,
2026-07-27,2026-07-24,2026-07-27,2,US,MU,70.06,6.33,3.295,51663.5,920.9500122070312,1,1,98.28,1,11.79,1,1399,35.47,0,0,,,,,,
2026-07-27,2026-07-24,2026-07-27,3,US,HPE,49.73,12.42,3.589,1045.0,47.689998626708984,1,1,96.93,1,8.14,1,1399,1.29,1,0,,,,,,
2026-07-27,2026-07-24,2026-07-27,4,US,STX,47.91,29.91,2.702,4684.0,851.6900024414062,1,0,96.85,0,7.82,1,1399,5.79,0,0,,,,,,
2026-07-27,2026-07-24,2026-07-27,5,US,FLEX,43.12,22.43,2.268,1099.3,118.51000213623047,1,1,96.28,0,6.96,1,1399,3.82,0,0,,,,,,
2026-07-27,2026-07-24,2026-07-27,6,US,MCHP,28.41,22.49,16.7,1068.7,78.86000061035156,0,1,92.71,0,4.32,0,1399,3.7,0,1,,,,,,
2026-07-27,2026-07-24,2026-07-27,7,KR,005930.KS,53.28,4.4,4.547,6094.5,254000.0,0,0,92.29,1,4.27,0,493,8.65,0,0,,,,,,
2026-07-27,2026-07-24,2026-07-27,8,KR,011070.KS,52.78,14.81,2.024,215.3,614000.0,0,0,92.09,1,4.22,0,493,8.41,0,0,,,,,,
2026-07-27,2026-07-24,2026-07-27,9,KR,353200.KS,45.31,21.4,2.665,100.2,109400.0,0,0,90.06,0,3.59,0,493,12.62,0,0,,,,,,
2026-07-27,2026-07-24,2026-07-27,10,US,NVDA,20.42,19.08,1.66,28369.6,206.83999633789062,0,0,88.78,0,2.88,0,1399,3.75,0,0,,,,,,
2026-07-27,2026-07-24,2026-07-27,11,US,AVGO,18.67,22.02,2.891,10129.5,381.9200134277344,0,0,87.71,0,2.57,0,1399,4.19,0,0,,,,,,
2026-07-27,2026-07-24,2026-07-27,12,US,ADI,16.95,25.91,2.133,1920.2,371.8599853515625,0,0,86.35,0,2.26,0,1399,3.11,0,0,,,,,,
2026-07-27,2026-07-24,2026-07-27,13,KR,000660.KS,29.49,4.61,3.722,9201.2,1816000.0,0,0,86.21,0,2.24,0,493,8.01,0,0,,,,,,
2026-07-27,2026-07-24,2026-07-27,14,US,APH,16.5,28.14,1.559,1294.3,152.6699981689453,0,0,86.06,0,2.18,0,1399,3.67,0,0,,,,,,
2026-07-27,2026-07-24,2026-07-27,15,US,TXN,16.37,29.87,1.603,2799.2,279.5799865722656,0,0,85.92,0,2.15,0,1399,13.41,0,0,,,,,,
2026-07-27,2026-07-24,2026-07-27,16,US,SMCI,15.94,9.09,1.892,1969.0,30.100000381469727,0,0,85.49,0,2.08,0,1399,4.67,0,1,,,,,,
2026-07-27,2026-07-24,2026-07-27,17,KR,240810.KQ,28.67,25.3,2.782,194.2,106000.0,0,0,85.4,0,2.17,0,493,3.79,0,1,,,,,,
2026-07-27,2026-07-24,2026-07-27,18,US,ON,15.89,22.8,2.7,1270.8,86.80999755859375,0,0,85.28,0,2.07,0,1399,3.38,0,1,,,,,,
2026-07-27,2026-07-24,2026-07-27,19,KR,066570.KS,27.42,11.53,2.747,234.9,172300.0,0,0,85.19,0,2.07,0,493,3.86,0,0,,,,,,
2026-07-27,2026-07-24,2026-07-27,20,US,UNH,13.55,19.77,1.608,2642.9,420.739990234375,0,0,82.49,0,1.65,0,1399,8.56,0,0,,,,,,
2026-07-28,2026-07-27,2026-07-28,1,US,SNDK,107.82,6.0,7.402,23298.0,1278.22998046875,1,1,99.35,1,18.73,1,1395,13.15,0,0,,,,,,
2026-07-28,2026-07-27,2026-07-28,2,US,MU,70.13,6.16,3.31,51252.6,900.2000122070312,1,1,98.21,1,11.91,1,1395,35.5,0,0,,,,,,
2026-07-28,2026-07-27,2026-07-28,3,US,HPE,50.02,12.51,3.6,1012.8,48.189998626708984,1,1,96.77,1,8.27,1,1395,1.45,1,0,,,,,,
2026-07-28,2026-07-27,2026-07-28,4,US,DELL,47.48,22.58,1.502,3116.4,426.9100036621094,1,1,96.49,0,7.81,1,1395,2.94,0,0,,,,,,
2026-07-28,2026-07-27,2026-07-28,5,US,STX,47.43,28.69,2.702,4737.8,816.989990234375,1,0,96.42,0,7.8,1,1395,5.39,0,0,,,,,,
2026-07-28,2026-07-27,2026-07-28,6,US,FLEX,43.51,21.89,2.276,1097.0,116.06999969482422,0,1,96.13,0,7.09,0,1395,3.8,0,0,,,,,,
2026-07-28,2026-07-27,2026-07-28,7,US,MCHP,28.3,22.16,16.74,1062.5,77.9000015258789,0,0,92.62,0,4.34,0,1395,3.71,0,1,,,,,,
2026-07-28,2026-07-27,2026-07-28,8,KR,005930.KS,53.34,3.81,4.551,6191.9,220000.0,0,0,92.49,1,4.15,0,493,8.66,0,1,,,,,,
2026-07-28,2026-07-27,2026-07-28,9,KR,011070.KS,52.8,12.39,2.025,205.2,514000.0,0,0,92.29,1,4.1,0,493,8.43,0,1,,,,,,
2026-07-28,2026-07-27,2026-07-28,10,US,NVDA,20.46,18.08,1.665,28079.7,196.50999450683594,0,0,88.82,0,2.92,0,1395,3.75,0,1,,,,,,
2026-07-28,2026-07-27,2026-07-28,11,US,AVGO,18.66,22.01,2.902,9849.2,383.2200012207031,0,0,87.81,0,2.59,0,1395,4.18,0,0,,,,,,
2026-07-28,2026-07-27,2026-07-28,12,US,ADI,17.0,25.87,2.136,1920.1,371.8900146484375,0,0,86.38,0,2.29,0,1395,3.11,0,0,,,,,,
2026-07-28,2026-07-27,2026-07-28,13,KR,000660.KS,29.57,3.93,3.726,9373.4,1550000.0,0,0,86.21,0,2.19,0,493,8.01,0,0,,,,,,
2026-07-28,2026-07-27,2026-07-28,14,US,APH,16.51,27.48,1.561,1262.9,149.27999877929688,0,0,85.95,0,2.2,0,1395,3.68,0,0,,,,,,
2026-07-28,2026-07-27,2026-07-28,15,US,TXN,16.39,29.81,1.605,2807.4,279.4100036621094,0,0,85.81,0,2.18,0,1395,13.42,0,0,,,,,,
2026-07-28,2026-07-27,2026-07-28,16,KR,240810.KQ,28.67,21.34,2.784,190.6,89500.0,0,0,85.6,0,2.11,0,493,3.79,0,1,,,,,,
2026-07-28,2026-07-27,2026-07-28,17,US,ON,15.87,23.33,2.707,1240.4,89.04000091552734,0,0,85.38,0,2.09,0,1395,3.37,0,0,,,,,,
2026-07-28,2026-07-27,2026-07-28,18,KR,066570.KS,27.45,10.53,2.749,225.2,157500.0,0,0,85.19,0,2.01,0,493,3.86,0,1,,,,,,
2026-07-28,2026-07-27,2026-07-28,19,US,SMCI,15.69,9.0,1.892,1832.1,29.809999465942383,0,0,85.09,0,2.05,0,1395,4.52,0,1,,,,,,
2026-07-28,2026-07-27,2026-07-28,20,US,UNH,13.55,19.6,1.609,2607.6,417.6400146484375,0,0,82.51,0,1.67,0,1395,8.56,0,0,,,,,,
2026-07-29,2026-07-28,2026-07-29,1,US,SNDK,107.43,5.15,7.402,23344.2,1096.0999755859375,1,1,99.28,1,18.89,1,1396,12.95,0,1,,,,,,
2026-07-29,2026-07-28,2026-07-29,2,US,MU,70.16,5.6,3.315,50716.0,820.530029296875,1,1,98.28,1,12.07,1,1396,35.51,0,0,,,,,,
2026-07-29,2026-07-28,2026-07-29,3,US,DELL,47.52,20.74,1.502,3084.5,392.1000061035156,1,1,96.63,1,7.92,1,1396,2.96,0,0,,,,,,
2026-07-29,2026-07-28,2026-07-29,4,US,FLEX,43.72,21.32,2.28,1106.4,113.27999877929688,1,1,96.2,1,7.23,1,1396,3.85,0,0,,,,,,
2026-07-29,2026-07-28,2026-07-29,5,US,STX,40.18,25.15,2.82,4785.1,747.2999877929688,1,0,95.42,0,6.58,1,1396,9.71,0,0,,,,,,
2026-07-29,2026-07-28,2026-07-29,6,US,MCHP,28.27,21.52,16.753,1043.7,75.70999908447266,0,1,92.77,0,4.4,0,1396,3.71,0,1,,,,,,
2026-07-29,2026-07-28,2026-07-29,7,KR,005930.KS,52.42,3.61,4.557,6378.4,208500.0,0,0,92.29,1,4.14,0,493,6.62,0,1,,,,,,
2026-07-29,2026-07-28,2026-07-29,8,US,CRDO,25.59,28.11,3.801,2009.0,192.27999877929688,0,0,91.76,0,3.9,0,1396,5.43,0,0,,,,,,
2026-07-29,2026-07-28,2026-07-29,9,US,NVDA,20.47,18.11,1.666,28008.5,197.00999450683594,0,0,88.97,0,2.97,0,1396,3.75,0,1,,,,,,
2026-07-29,2026-07-28,2026-07-29,10,US,AVGO,18.93,21.8,2.912,9634.2,380.9100036621094,0,0,88.25,0,2.69,0,1396,4.41,0,0,,,,,,
2026-07-29,2026-07-28,2026-07-29,11,US,ADI,17.01,25.44,2.137,1917.9,365.8299865722656,0,0,86.46,0,2.33,0,1396,3.11,0,1,,,,,,
2026-07-29,2026-07-28,2026-07-29,12,KR,000660.KS,29.65,3.55,3.729,9591.5,1401000.0,0,0,86.21,0,2.23,0,493,8.02,0,1,,,,,,
2026-07-29,2026-07-28,2026-07-29,13,US,TXN,16.41,29.54,1.606,2794.2,277.07000732421875,0,0,85.96,0,2.22,0,1396,13.44,0,0,,,,,,
2026-07-29,2026-07-28,2026-07-29,14,US,APH,16.32,26.51,1.559,1230.2,143.85000610351562,0,0,85.89,0,2.21,0,1396,3.51,0,0,,,,,,
2026-07-29,2026-07-28,2026-07-29,15,US,ON,15.86,22.09,2.709,1218.6,84.38999938964844,0,0,85.6,0,2.12,0,1396,3.37,0,1,,,,,,
2026-07-29,2026-07-28,2026-07-29,16,KR,240810.KQ,28.67,19.83,2.786,189.4,83200.0,0,0,85.6,0,2.14,0,493,3.8,0,1,,,,,,
2026-07-29,2026-07-28,2026-07-29,17,US,SMCI,15.61,8.59,1.892,1600.1,28.450000762939453,0,0,85.32,0,2.08,0,1396,4.47,0,1,,,,,,
2026-07-29,2026-07-28,2026-07-29,18,KR,066570.KS,27.47,10.06,2.75,223.5,150500.0,0,0,85.19,0,2.04,0,493,3.85,0,1,,,,,,
2026-07-29,2026-07-28,2026-07-29,19,US,COHR,14.86,29.35,3.967,1750.4,243.3300018310547,0,0,84.46,0,1.94,0,1396,1.48,0,1,,,,,,
2026-07-29,2026-07-28,2026-07-29,20,US,UNH,13.55,20.12,1.61,2605.5,428.7900085449219,0,0,82.45,0,1.7,0,1396,8.56,0,0,,,,,,
2026-07-30,2026-07-29,2026-07-30,1,US,SNDK,107.04,4.77,7.402,23529.9,1015.8900146484375,1,1,99.21,1,18.76,1,1398,12.74,0,1,,,,,,
2026-07-30,2026-07-29,2026-07-30,2,US,MU,70.18,5.04,3.32,51051.2,739.0,1,1,98.21,1,12.03,1,1398,35.51,0,0,,,,,,
2026-07-30,2026-07-29,2026-07-30,3,US,DELL,47.56,19.55,1.502,3128.3,369.6400146484375,1,1,96.57,1,7.9,1,1398,2.97,0,0,,,,,,
2026-07-30,2026-07-29,2026-07-30,4,US,FLEX,43.85,19.37,2.283,1122.5,103.0199966430664,1,1,96.14,0,7.22,1,1398,3.84,0,1,,,,,,
2026-07-30,2026-07-29,2026-07-30,5,US,STX,40.4,25.68,2.824,4908.9,764.4299926757812,1,0,95.49,0,6.59,1,1398,9.88,0,0,,,,,,
2026-07-30,2026-07-29,2026-07-30,6,KR,009150.KS,69.57,29.17,2.771,1221.4,879000.0,0,1,95.13,1,5.66,0,493,24.75,0,1,,,,,,
2026-07-30,2026-07-29,2026-07-30,7,US,MCHP,28.23,20.27,16.767,1052.1,71.37000274658203,0,0,92.78,0,4.37,0,1398,3.71,0,1,,,,,,
2026-07-30,2026-07-29,2026-07-30,8,KR,005930.KS,52.3,3.58,4.561,6558.8,207000.0,0,0,92.29,1,4.19,0,493,6.7,0,1,,,,,,
2026-07-30,2026-07-29,2026-07-30,9,US,CRDO,25.74,25.91,3.805,1976.6,177.4499969482422,0,0,91.92,0,3.92,0,1398,5.44,0,0,,,,,,
2026-07-30,2026-07-29,2026-07-30,10,US,NVDA,20.48,17.45,1.668,28123.1,190.00999450683594,0,0,89.2,0,2.96,0,1398,3.75,0,1,,,,,,
2026-07-30,2026-07-29,2026-07-30,11,US,AVGO,18.93,21.17,2.916,9541.4,370.32000732421875,0,0,88.27,0,2.68,0,1398,4.41,0,1,,,,,,
2026-07-30,2026-07-29,2026-07-30,12,US,ADI,17.03,24.56,2.138,1937.7,353.3699951171875,0,0,86.48,0,2.33,0,1398,3.12,0,1,,,,,,
2026-07-30,2026-07-29,2026-07-30,13,US,APH,16.59,27.62,1.564,1230.6,150.30999755859375,0,0,86.05,0,2.25,0,1398,3.75,0,0,,,,,,
2026-07-30,2026-07-29,2026-07-30,14,US,TXN,16.41,28.91,1.607,2843.4,271.29998779296875,0,0,85.77,0,2.22,0,1398,13.45,0,0,,,,,,
2026-07-30,2026-07-29,2026-07-30,15,US,ON,15.86,20.62,2.712,1221.2,78.86000061035156,0,0,85.55,0,2.12,0,1398,3.37,0,1,,,,,,
2026-07-30,2026-07-29,2026-07-30,16,KR,000660.KS,29.73,3.35,3.733,9794.6,1322000.0,0,0,85.4,0,2.26,0,493,8.03,0,1,,,,,,
2026-07-30,2026-07-29,2026-07-30,17,US,SMCI,15.53,7.76,1.892,1549.1,25.700000762939453,0,0,85.12,0,2.06,0,1398,4.41,0,1,,,,,,
2026-07-30,2026-07-29,2026-07-30,18,KR,240810.KQ,28.67,18.17,2.788,184.9,76300.0,0,0,84.79,0,2.17,0,493,3.8,0,1,,,,,,
2026-07-30,2026-07-29,2026-07-30,19,KR,066570.KS,27.5,9.88,2.752,224.0,148000.0,0,0,84.38,0,2.07,0,493,3.85,0,1,,,,,,
2026-07-30,2026-07-29,2026-07-30,20,US,COHR,14.76,26.78,3.967,1749.2,222.0500030517578,0,0,84.33,0,1.91,0,1398,1.39,0,1,,,,,,
2026-07-31,2026-07-30,,1,US,VRT,9.1,29.02,1.97,1939.5,227.5,1,1,98.35,1,3.44,1,1395,2.73,0,1,-31.967,gap/us,,,,
2026-07-31,2026-07-30,,2,US,STX,42.03,22.82,3.54,4949.4,851.6799926757812,1,1,98.06,1,3.34,1,1395,37.22,0,0,-31.002,gap/us,,,,
2026-07-31,2026-07-30,,3,US,SNDK,106.66,6.01,7.402,23715.9,1279.9599609375,1,1,96.63,1,2.79,1,1395,12.74,0,0,-25.781,gap/us,,,,
2026-07-31,2026-07-30,,4,US,GOOGL,23.37,19.38,1.314,11954.5,333.6600036621094,1,1,96.42,1,2.78,1,1395,19.8,0,1,-25.661,gap/us,,,,
2026-07-31,2026-07-30,,5,US,NXPI,7.49,14.53,1.614,1217.4,245.16000366210938,1,1,95.2,1,2.5,1,1395,3.85,0,1,-23.029,gap/us,,,,
2026-07-31,2026-07-30,,6,US,MU,70.21,5.95,3.325,51140.2,874.6599731445312,0,0,94.19,0,2.23,0,1395,35.52,0,0,-20.437,gap/us,,,,
2026-07-31,2026-07-30,,7,US,MCHP,28.2,21.29,16.78,1050.6,75.01000213623047,0,0,94.05,0,2.21,0,1395,3.72,0,1,-20.257,gap/us,,,,
2026-07-31,2026-07-30,,8,US,ON,15.85,21.88,2.714,1207.0,83.73999786376953,0,0,93.98,0,2.18,0,1395,3.36,0,1,-19.962,gap/us,,,,
2026-07-31,2026-07-30,,9,US,TXN,16.42,29.69,1.607,2857.9,278.760009765625,0,0,93.12,0,2.06,0,1395,13.45,0,0,-18.79,gap/us,,,,
2026-07-31,2026-07-30,,10,US,ORCL,6.06,14.98,1.46,5044.4,127.55999755859375,0,0,92.62,0,2.0,0,1395,2.94,0,1,-18.226,gap/us,,,,
2026-07-31,2026-07-30,,11,US,TMUS,11.06,13.73,1.343,1049.7,173.33999633789062,0,0,92.26,0,1.96,0,1395,5.39,0,1,-17.909,gap/us,,,,
2026-07-31,2026-07-30,,12,US,APP,8.99,21.26,1.632,2665.1,403.8699951171875,0,0,90.32,0,1.72,0,1395,2.22,0,1,-15.598,gap/us,,,,
2026-07-31,2026-07-30,,13,US,CAT,14.02,28.86,1.396,3461.1,809.1400146484375,0,0,89.82,0,1.64,0,1395,2.59,0,1,-14.824,gap/us,,,,
2026-07-31,2026-07-30,,14,US,TSM,16.94,20.62,0.053,6598.2,403.30999755859375,0,0,88.39,0,1.5,0,1395,9.45,0,0,-13.482,gap/us,,,,
2026-07-31,2026-07-30,,15,US,CRDO,25.88,29.32,3.81,1949.6,201.0800018310547,0,0,88.17,0,1.48,0,1395,5.45,0,0,-13.31,gap/us,,,,
2026-07-31,2026-07-30,,16,US,ADI,17.04,25.47,2.139,1937.6,366.6700134277344,0,0,87.96,0,1.48,0,1395,3.12,0,1,-13.267,gap/us,,,,
2026-07-31,2026-07-30,,17,US,AVGO,18.81,22.16,2.916,9380.5,387.8399963378906,0,0,87.67,0,1.46,0,1395,4.26,0,0,-13.129,gap/us,,,,
2026-07-31,2026-07-30,,18,US,META,9.49,15.75,1.244,11212.4,539.030029296875,0,0,87.46,0,1.44,0,1395,1.01,0,1,-12.93,gap/us,,,,
2026-07-31,2026-07-30,,19,US,SMCI,15.45,8.37,1.892,1520.6,27.729999542236328,0,0,87.03,0,1.4,0,1395,4.41,0,1,-12.519,gap/us,,,,
2026-07-31,2026-07-30,,20,US,NVDA,20.5,17.89,1.67,27996.7,195.0399932861328,0,0,86.95,0,1.35,0,1395,3.75,0,1,-12.108,gap/us,,,,
2026-07-31,2026-07-30,,1,US,STX,42.03,22.82,3.54,4949.4,851.6799926757812,1,1,98.06,1,3.34,1,1395,37.22,0,0,-31.002,gap/us,,,,
2026-07-31,2026-07-30,,2,US,SNDK,106.66,6.01,7.402,23715.9,1279.9599609375,1,1,96.63,1,2.79,1,1395,12.74,0,0,-25.781,gap/us,,,,
2026-07-31,2026-07-30,,3,US,GOOGL,23.37,19.38,1.314,11954.5,333.6600036621094,1,1,96.42,1,2.78,1,1395,19.8,0,1,-25.661,gap/us,,,,
2026-07-31,2026-07-30,,4,US,MU,70.21,5.95,3.325,51140.2,874.6599731445312,1,0,94.19,1,2.23,1,1395,35.52,0,0,-20.437,gap/us,,,,
2026-07-31,2026-07-30,,5,US,TXN,16.42,29.69,1.607,2857.9,278.760009765625,1,1,93.12,1,2.06,1,1395,13.45,0,0,-18.79,gap/us,,,,
2026-07-31,2026-07-30,,6,US,ORCL,6.06,14.98,1.46,5044.4,127.55999755859375,0,1,92.62,0,2.0,0,1395,2.94,0,1,-18.226,gap/us,,,,
2026-07-31,2026-07-30,,7,US,APP,8.99,21.26,1.632,2665.1,403.8699951171875,0,0,90.32,0,1.72,0,1395,2.22,0,1,-15.598,gap/us,,,,
2026-07-31,2026-07-30,,8,US,CAT,14.02,28.86,1.396,3461.1,809.1400146484375,0,0,89.82,0,1.64,0,1395,2.59,0,1,-14.824,gap/us,,,,
2026-07-31,2026-07-30,,9,US,TSM,16.94,20.62,0.053,6598.2,403.30999755859375,0,0,88.39,0,1.5,0,1395,9.45,0,0,-13.482,gap/us,,,,
2026-07-31,2026-07-30,,10,US,CRDO,25.88,29.32,3.81,1949.6,201.0800018310547,0,0,88.17,0,1.48,0,1395,5.45,0,0,-13.31,gap/us,,,,
2026-07-31,2026-07-30,,11,US,ADI,17.04,25.47,2.139,1937.6,366.6700134277344,0,0,87.96,0,1.48,0,1395,3.12,0,1,-13.267,gap/us,,,,
2026-07-31,2026-07-30,,12,US,AVGO,18.81,22.16,2.916,9380.5,387.8399963378906,0,0,87.67,0,1.46,0,1395,4.26,0,0,-13.129,gap/us,,,,
2026-07-31,2026-07-30,,13,US,META,9.49,15.75,1.244,11212.4,539.030029296875,0,0,87.46,0,1.44,0,1395,1.01,0,1,-12.93,gap/us,,,,
2026-07-31,2026-07-30,,14,US,NVDA,20.5,17.89,1.67,27996.7,195.0399932861328,0,0,86.95,0,1.35,0,1395,3.75,0,1,-12.108,gap/us,,,,
2026-07-31,2026-07-30,,15,US,AMZN,13.77,24.82,1.135,12793.6,235.5,0,0,86.74,0,1.35,0,1395,1.89,0,1,-12.056,gap/us,,,,
2026-07-31,2026-07-30,,16,US,INTU,6.48,11.54,1.656,1390.6,315.5,0,0,84.3,0,1.15,0,1395,1.11,0,1,-10.155,gap/us,,,,
2026-07-31,2026-07-30,,17,US,GS,18.35,14.12,1.327,2311.5,1024.8599853515625,0,0,82.51,0,1.02,0,1395,15.45,0,0,-8.93,gap/us,,,,
2026-07-31,2026-07-30,,18,US,APH,17.49,26.76,1.716,1243.9,159.82000732421875,0,0,81.51,0,0.96,0,1395,13.27,0,0,-8.368,gap/us,,,,
2026-07-31,2026-07-30,,19,US,WDC,36.8,28.43,1.119,5682.6,533.0399780273438,0,0,74.91,0,0.68,0,1395,3.84,0,0,-5.673,gap/us,,,,
2026-07-31,2026-07-30,,20,US,MS,10.3,15.72,1.211,1364.2,210.05999755859375,0,0,65.38,0,0.37,0,1395,8.24,0,0,-2.808,gap/us,,,,
2026-08-01,2026-07-31,,1,US,MU,70.23,5.59,3.33,51431.2,823.030029296875,1,1,98.13,1,3.45,1,1392,35.53,0,0,-31.905,gap/us,,,,
2026-08-01,2026-07-31,,2,US,STX,42.23,22.91,3.545,4959.5,856.1300048828125,1,1,97.92,1,3.29,1,1392,37.41,0,0,-30.376,gap/us,,,,
2026-08-01,2026-07-31,,3,US,SNDK,106.27,5.7,7.402,24120.4,1214.8299560546875,1,0,97.27,1,3.07,1,1392,12.74,0,0,-28.325,gap/us,,,,
2026-08-01,2026-07-31,,4,US,TXN,16.42,29.36,1.608,2865.2,275.739990234375,1,1,94.61,1,2.24,1,1392,13.46,0,0,-20.415,gap/us,,,,
2026-08-01,2026-07-31,,5,US,ORCL,6.15,15.24,1.462,5114.0,129.8699951171875,1,1,93.32,1,2.01,1,1392,2.93,0,1,-18.213,gap/us,,,,
2026-08-01,2026-07-31,,6,US,APP,8.99,20.82,1.633,2651.0,395.8999938964844,0,1,92.82,0,1.98,0,1392,2.22,0,1,-17.925,gap/us,,,,
2026-08-01,2026-07-31,,7,US,GOOGL,23.25,20.7,1.312,11980.5,356.1300048828125,0,0,92.6,0,1.94,0,1392,19.68,0,0,-17.521,gap/us,,,,
2026-08-01,2026-07-31,,8,US,TSM,17.12,20.62,0.053,6677.8,404.25,0,0,89.73,0,1.56,0,1392,9.06,0,0,-13.945,gap/us,,,,
2026-08-01,2026-07-31,,9,US,CAT,13.8,29.05,1.396,3466.5,814.8099975585938,0,0,89.15,0,1.5,0,1392,2.38,0,1,-13.41,gap/us,,,,
2026-08-01,2026-07-31,,10,US,ADI,17.06,25.51,2.14,1955.1,367.4100036621094,0,0,89.01,0,1.48,0,1392,3.12,0,1,-13.191,gap/us,,,,
2026-08-01,2026-07-31,,11,US,AVGO,18.81,22.22,2.92,9290.3,389.2799987792969,0,0,88.15,0,1.41,0,1392,4.25,0,0,-12.463,gap/us,,,,
2026-08-01,2026-07-31,,12,US,INTU,6.44,11.56,1.656,1394.9,316.07000732421875,0,0,84.84,0,1.16,0,1392,1.08,0,1,-10.125,gap/us,,,,
2026-08-01,2026-07-31,,13,US,NVDA,20.51,18.4,1.671,27966.4,200.75,0,0,84.41,0,1.11,0,1392,3.75,0,0,-9.664,gap/us,,,,
2026-08-01,2026-07-31,,14,US,GS,18.41,14.02,1.327,2319.6,1018.3800048828125,0,0,82.33,0,1.0,0,1392,15.29,0,0,-8.579,gap/us,,,,
2026-08-01,2026-07-31,,15,US,APH,17.5,26.9,1.717,1257.8,160.6999969482422,0,0,78.09,0,0.8,0,1392,13.28,0,0,-6.695,gap/us,,,,
2026-08-01,2026-07-31,,16,US,UNH,13.56,19.42,1.612,2558.3,414.3999938964844,0,0,72.77,0,0.62,0,1392,8.55,0,0,-4.944,gap/us,,,,
2026-08-01,2026-07-31,,17,US,WDC,36.64,29.06,1.119,5471.9,544.8400268554688,0,0,70.33,0,0.55,0,1392,3.84,0,0,-4.303,gap/us,,,,
2026-08-01,2026-07-31,,18,US,MS,10.29,15.74,1.211,1374.6,210.4199981689453,0,0,62.79,0,0.33,0,1392,8.24,0,0,-2.236,gap/us,,,,
2026-08-01,2026-07-31,,19,US,CRM,8.71,12.42,1.715,2512.9,184.02000427246094,0,0,57.26,0,0.19,0,1392,0.84,0,0,-0.93,gap/us,,,,
2026-08-01,2026-07-31,,20,US,AZO,4.68,17.39,1.192,1179.0,3016.25,0,0,56.25,0,0.17,0,1392,1.13,0,1,-0.702,gap/us,,,,
2026-08-01,2026-07-31,,1,US,AMKR,22.54,18.35,1.553,420.7,49.869998931884766,1,1,99.71,1,6.33,1,1392,19.79,0,1,-59.365,gap/us,,,,
2026-08-01,2026-07-31,,2,US,CLS,35.49,20.62,1.944,786.7,331.44000244140625,1,1,99.35,1,5.69,1,1392,27.38,0,1,-53.27,gap/us,,,,
2026-08-01,2026-07-31,,3,US,MU,70.23,5.59,3.33,51431.2,823.030029296875,1,1,98.13,1,3.45,1,1392,35.53,0,0,-31.905,gap/us,,,,
2026-08-01,2026-07-31,,4,US,STX,42.23,22.91,3.545,4959.5,856.1300048828125,1,1,97.92,1,3.29,1,1392,37.41,0,0,-30.376,gap/us,,,,
2026-08-01,2026-07-31,,5,US,SNDK,106.27,5.7,7.402,24120.4,1214.8299560546875,1,0,97.27,1,3.07,1,1392,12.74,0,0,-28.325,gap/us,,,,
2026-08-01,2026-07-31,,6,US,SANM,10.9,13.63,2.879,317.1,185.55999755859375,0,1,97.13,0,3.06,0,1392,8.27,0,1,-28.172,gap/us,,,,
2026-08-01,2026-07-31,,7,US,NXT,17.35,17.54,1.338,398.5,89.87000274658203,0,0,96.98,0,2.94,0,1392,2.86,0,1,-27.068,gap/us,,,,
2026-08-01,2026-07-31,,8,US,FN,6.87,25.14,1.488,524.6,435.4100036621094,0,0,96.91,0,2.87,0,1392,0.31,0,1,-26.451,gap/us,,,,
2026-08-01,2026-07-31,,9,US,KNX,43.13,21.1,15.689,322.2,69.52999877929688,0,0,96.62,0,2.82,0,1392,19.88,0,0,-25.896,gap/us,,,,
2026-08-01,2026-07-31,,10,US,TTMI,31.86,23.9,2.611,486.3,115.44000244140625,0,0,96.12,0,2.72,0,1392,2.09,0,1,-25.009,gap/us,,,,
2026-08-01,2026-07-31,,11,US,VSH,78.59,28.26,121.084,337.6,34.220001220703125,0,0,95.62,0,2.61,0,1392,18.0,0,0,-23.908,gap/us,,,,
2026-08-01,2026-07-31,,12,US,RDDT,9.39,23.84,1.686,800.4,140.6699981689453,0,0,95.55,0,2.61,0,1392,3.21,0,1,-23.907,gap/us,,,,
2026-08-01,2026-07-31,,13,US,BKR,20.11,20.45,0.945,589.5,60.4900016784668,0,0,95.4,0,2.46,0,1392,15.39,0,1,-22.54,gap/us,,,,
2026-08-01,2026-07-31,,14,US,VIAV,31.15,28.75,,338.4,36.95000076293945,0,0,94.83,0,2.26,0,1392,0.39,1,1,-20.642,gap/us,,,,
2026-08-01,2026-07-31,,15,US,TXN,16.42,29.36,1.608,2865.2,275.739990234375,0,0,94.61,0,2.24,0,1392,13.46,0,0,-20.415,gap/us,,,,
2026-08-01,2026-07-31,,16,US,JBL,18.67,19.19,2.05,501.7,315.04998779296875,0,0,94.54,0,2.24,0,1392,15.44,0,1,-20.389,gap/us,,,,
2026-08-01,2026-07-31,,17,US,MOD,16.46,22.67,3.959,435.9,201.05999755859375,0,0,94.4,0,2.21,0,1392,1.93,0,1,-20.142,gap/us,,,,
2026-08-01,2026-07-31,,18,US,ENTG,13.76,27.9,2.467,515.2,119.05000305175781,0,0,93.97,0,2.15,0,1392,3.33,0,1,-19.507,gap/us,,,,
2026-08-01,2026-07-31,,19,US,ORCL,6.15,15.24,1.462,5114.0,129.8699951171875,0,0,93.32,0,2.01,0,1392,2.93,0,1,-18.213,gap/us,,,,
2026-08-01,2026-07-31,,20,US,APP,8.99,20.82,1.633,2651.0,395.8999938964844,0,0,92.82,0,1.98,0,1392,2.22,0,1,-17.925,gap/us,,,,
2026-08-03,2026-07-31,,1,US,AMKR,22.54,18.35,1.553,420.7,49.869998931884766,0,1,99.71,1,6.33,1,1392,19.79,0,1,-59.365,gap/us,-28.4,1,8,6
2026-08-03,2026-07-31,,2,US,CLS,35.49,20.62,1.944,786.7,331.44000244140625,1,1,99.35,1,5.69,1,1392,27.38,0,1,-53.27,gap/us,-1.42,0,20,17
2026-08-03,2026-07-31,,3,US,VRT,12.2,29.94,2.027,2003.8,241.57000732421875,0,1,98.64,1,4.03,1,1392,5.63,0,1,-37.411,gap/us,-19.62,0,28,2
2026-08-03,2026-07-31,,4,US,MU,70.23,5.59,3.33,51431.2,823.030029296875,1,1,98.13,1,3.45,1,1392,35.53,0,0,-31.905,gap/us,-15.64,0,37,30
2026-08-03,2026-07-31,,5,US,STX,42.23,22.91,3.545,4959.5,856.1300048828125,1,1,97.92,1,3.29,1,1392,37.41,0,0,-30.376,gap/us,4.39,0,20,5
2026-08-03,2026-07-31,,6,US,SNDK,106.27,5.7,7.402,24120.4,1214.8299560546875,1,0,97.27,0,3.07,0,1392,12.74,0,0,-28.325,gap/us,-30.38,0,21,6
2026-08-03,2026-07-31,,7,US,NXT,17.35,17.54,1.338,398.5,89.87000274658203,0,0,96.98,0,2.94,0,1392,2.86,0,1,-27.068,gap/us,-20.36,0,17,11
2026-08-03,2026-07-31,,8,US,KNX,43.13,21.1,15.689,322.2,69.52999877929688,1,0,96.62,0,2.82,0,1392,19.88,0,0,-25.896,gap/us,-8.93,0,19,7
2026-08-03,2026-07-31,,9,US,RMBS,7.46,26.63,1.628,400.4,91.02999877929688,0,0,95.98,0,2.69,0,1392,3.31,0,1,-24.67,gap/us,-19.39,0,9,2
2026-08-03,2026-07-31,,10,US,RDDT,9.39,23.84,1.686,800.4,140.6699981689453,0,0,95.55,0,2.61,0,1392,3.21,0,1,-23.907,gap/us,-27.74,0,29,4
2026-08-03,2026-07-31,,11,US,BKR,20.11,20.45,0.945,589.5,60.4900016784668,0,0,95.4,0,2.46,0,1392,15.39,0,1,-22.54,gap/us,14.61,0,10,3
2026-08-03,2026-07-31,,12,US,ON,15.85,21.31,2.717,1195.1,81.61000061035156,0,0,95.19,0,2.37,0,1392,3.36,0,1,-21.602,gap/us,-10.53,0,30,2
2026-08-03,2026-07-31,,13,US,MCHP,28.16,21.07,16.793,1048.0,74.29000091552734,0,0,94.97,0,2.33,0,1392,3.72,0,1,-21.247,gap/us,-12.23,0,24,1
2026-08-03,2026-07-31,,14,US,TXN,16.42,29.36,1.608,2865.2,275.739990234375,0,0,94.61,0,2.24,0,1392,13.46,0,0,-20.415,gap/us,-5.92,0,28,29
2026-08-03,2026-07-31,,15,US,JBL,18.67,19.19,2.05,501.7,315.04998779296875,0,0,94.54,0,2.24,0,1392,15.44,0,1,-20.389,gap/us,-7.69,0,10,10
2026-08-03,2026-07-31,,16,US,ENTG,13.76,27.9,2.467,515.2,119.05000305175781,0,0,93.97,0,2.15,0,1392,3.33,0,1,-19.507,gap/us,-18.83,0,11,10
2026-08-03,2026-07-31,,17,US,ORCL,6.15,15.24,1.462,5114.0,129.8699951171875,0,0,93.32,0,2.01,0,1392,2.93,0,1,-18.213,gap/us,-7.41,0,42,21
2026-08-03,2026-07-31,,18,US,QXO,13.82,24.14,,433.6,13.300000190734863,0,0,93.03,0,1.99,0,1392,2.09,0,1,-18.027,gap/us,,0,16,2
2026-08-03,2026-07-31,,19,US,TMUS,9.64,13.66,1.345,1055.5,172.7100067138672,0,0,92.96,0,1.99,0,1392,5.5,0,1,-17.994,gap/us,-2.71,0,21,2
2026-08-03,2026-07-31,,20,US,APP,8.99,20.82,1.633,2651.0,395.8999938964844,0,0,92.82,0,1.98,0,1392,2.22,0,1,-17.925,gap/us,-24.89,0,26,3
2026-08-03,2026-07-31,,1,US,AMKR,22.54,18.35,1.553,420.7,49.869998931884766,1,1,99.71,1,6.33,1,1392,19.79,0,1,-59.365,gap/us,-28.4,1,8,6
2026-08-03,2026-07-31,,2,US,CLS,35.49,20.62,1.944,786.7,331.44000244140625,1,1,99.35,1,5.69,1,1392,27.38,0,1,-53.27,gap/us,-1.42,0,20,17
2026-08-03,2026-07-31,,3,US,VRT,12.2,29.94,2.027,2003.8,241.57000732421875,1,1,98.64,1,4.03,1,1392,5.63,0,1,-37.411,gap/us,-19.62,0,28,2
2026-08-03,2026-07-31,,4,US,MU,70.23,5.59,3.33,51431.2,823.030029296875,1,1,98.13,1,3.45,1,1392,35.53,0,0,-31.905,gap/us,-15.64,0,37,30
2026-08-03,2026-07-31,,5,US,STX,42.23,22.91,3.545,4959.5,856.1300048828125,1,1,97.92,1,3.29,1,1392,37.41,0,0,-30.376,gap/us,4.39,0,20,5
2026-08-03,2026-07-31,,6,US,SNDK,106.27,5.7,7.402,24120.4,1214.8299560546875,0,0,97.27,0,3.07,0,1392,12.74,0,0,-28.325,gap/us,-30.38,0,21,6
2026-08-03,2026-07-31,,7,US,KNX,43.13,21.1,15.689,322.2,69.52999877929688,0,0,96.62,0,2.82,0,1392,19.88,0,0,-25.896,gap/us,-8.93,0,19,7
2026-08-03,2026-07-31,,8,US,RDDT,9.39,23.84,1.686,800.4,140.6699981689453,0,0,95.55,0,2.61,0,1392,3.21,0,1,-23.907,gap/us,-27.74,0,29,4
2026-08-03,2026-07-31,,9,US,MCHP,28.16,21.07,16.793,1048.0,74.29000091552734,0,0,94.97,0,2.33,0,1392,3.72,0,1,-21.247,gap/us,-12.23,0,24,1
2026-08-03,2026-07-31,,10,US,TXN,16.42,29.36,1.608,2865.2,275.739990234375,0,0,94.61,0,2.24,0,1392,13.46,0,0,-20.415,gap/us,-5.92,0,28,29
2026-08-03,2026-07-31,,11,US,JBL,18.67,19.19,2.05,501.7,315.04998779296875,0,0,94.54,0,2.24,0,1392,15.44,0,1,-20.389,gap/us,-7.69,0,10,10
2026-08-03,2026-07-31,,12,US,ORCL,6.15,15.24,1.462,5114.0,129.8699951171875,0,0,93.32,0,2.01,0,1392,2.93,0,1,-18.213,gap/us,-7.41,0,42,21
2026-08-03,2026-07-31,,13,US,QXO,13.82,24.14,,433.6,13.300000190734863,0,0,93.03,0,1.99,0,1392,2.09,0,1,-18.027,gap/us,,0,16,2
2026-08-03,2026-07-31,,14,US,APP,8.99,20.82,1.633,2651.0,395.8999938964844,0,0,92.82,0,1.98,0,1392,2.22,0,1,-17.925,gap/us,-24.89,0,26,3
2026-08-03,2026-07-31,,15,US,GOOGL,23.25,20.7,1.312,11980.5,356.1300048828125,0,0,92.6,0,1.94,0,1392,19.68,0,0,-17.521,gap/us,-1.05,0,55,4
2026-08-03,2026-07-31,,16,US,ARGX,24.87,24.6,,303.6,853.8200073242188,0,0,92.39,0,1.91,0,1392,9.77,0,0,-17.309,gap/us,-9.14,0,16,8
2026-08-03,2026-07-31,,17,US,STM,30.41,26.28,12.462,812.8,52.38999938964844,0,0,90.8,0,1.7,0,1392,5.64,0,1,-15.266,gap/us,-23.35,0,9,3
2026-08-03,2026-07-31,,18,US,MKSI,29.68,21.47,2.898,559.4,297.45001220703125,0,0,89.94,0,1.61,0,1392,4.01,0,0,-14.392,gap/us,-18.63,0,13,1
2026-08-03,2026-07-31,,19,US,TSM,17.12,20.62,,6677.8,404.25,0,0,89.73,0,1.56,0,1392,9.06,0,0,-13.945,gap/us,-6.89,0,13,4
2026-08-03,2026-07-31,,20,US,MLM,3.99,24.21,0.517,370.9,525.1400146484375,0,0,89.3,0,1.52,0,1392,2.01,0,1,-13.568,gap/us,-12.39,0,22,1
2026-08-04,2026-08-03,,1,US,CLS,37.47,20.89,1.979,809.3,341.9100036621094,1,1,99.5,1,6.08,1,1390,29.3,0,0,-54.374,gap/us,-2.37,0,19,17
2026-08-04,2026-08-03,,2,US,AMKR,22.47,18.69,1.554,407.9,50.84000015258789,1,1,99.28,1,5.33,1,1390,19.72,0,1,-47.604,gap/us,-27.25,0,8,6
2026-08-04,2026-08-03,,3,US,STX,42.82,22.15,3.56,4971.1,831.0599975585938,1,1,98.13,1,3.65,1,1390,37.36,0,0,-32.472,gap/us,-4.28,0,20,5
2026-08-04,2026-08-03,,4,US,RDDT,15.9,24.7,1.79,916.0,154.7100067138672,1,1,97.34,1,3.18,1,1390,9.34,0,1,-28.2,gap/us,-22.98,0,29,4
2026-08-04,2026-08-03,,5,US,KNX,43.02,20.68,15.756,310.8,68.41999816894531,1,1,97.19,1,3.15,1,1390,19.83,0,0,-27.929,gap/us,-8.54,0,19,7
2026-08-04,2026-08-03,,6,US,TXN,16.44,28.61,1.61,2860.7,269.0400085449219,0,0,96.19,0,2.7,0,1390,13.47,0,0,-23.906,gap/us,-11.35,0,28,29
2026-08-04,2026-08-03,,7,US,STM,33.28,25.47,12.805,804.0,52.189998626708984,0,0,95.9,0,2.58,0,1390,7.97,0,1,-22.792,gap/us,-26.89,0,9,3
2026-08-04,2026-08-03,,8,US,JBL,18.75,19.35,2.054,478.2,318.3900146484375,0,0,95.47,0,2.46,0,1390,15.52,0,0,-21.739,gap/us,-5.86,0,10,10
2026-08-04,2026-08-03,,9,US,SNDK,105.13,6.05,7.402,24374.8,1288.030029296875,0,0,95.25,0,2.39,0,1390,12.74,0,0,-21.139,gap/us,-26.16,0,21,6
2026-08-04,2026-08-03,,10,US,MCHP,27.91,21.3,16.814,1044.3,75.22000122070312,0,0,94.68,0,2.34,0,1390,3.61,0,1,-20.671,gap/us,-14.12,0,24,1
2026-08-04,2026-08-03,,11,US,ARGX,24.89,23.87,,304.3,830.7899780273438,0,0,94.1,0,2.17,0,1390,9.71,0,0,-19.095,gap/us,-9.38,0,16,8
2026-08-04,2026-08-03,,12,US,MU,71.61,5.55,3.384,51315.3,829.5,0,0,93.67,0,2.09,0,1390,8.57,0,0,-18.444,gap/us,-15.77,0,37,30
2026-08-04,2026-08-03,,13,US,APP,8.98,21.31,1.637,2767.4,406.1600036621094,0,0,92.73,0,1.93,0,1390,2.27,0,1,-16.938,gap/us,-25.31,0,26,3
2026-08-04,2026-08-03,,14,US,SMCI,15.13,8.65,1.892,1486.7,28.639999389648438,0,0,92.37,0,1.85,0,1390,4.41,0,1,-16.266,gap/us,5.33,0,19,1
2026-08-04,2026-08-03,,15,US,QXO,13.96,25.41,,427.1,14.09000015258789,0,0,92.09,0,1.82,0,1390,2.12,0,1,-16.012,gap/us,,0,16,2
2026-08-04,2026-08-03,,16,US,GOOGL,22.89,21.77,1.309,12234.0,373.510009765625,0,0,91.94,0,1.81,0,1390,19.33,0,0,-15.858,gap/us,1.92,0,55,4
2026-08-04,2026-08-03,,17,US,ADI,17.1,25.09,2.143,1948.4,361.8800048828125,0,0,91.65,0,1.78,0,1390,3.13,0,1,-15.591,gap/us,-6.93,0,28,27
2026-08-04,2026-08-03,,18,US,IBKR,14.73,29.26,1.293,431.6,87.75,0,0,91.44,0,1.74,0,1390,11.19,0,0,-15.286,gap/us,-8.58,0,12,2
2026-08-04,2026-08-03,,19,US,ORCL,6.45,16.6,1.466,5161.5,141.85000610351562,0,0,90.94,0,1.7,0,1390,2.92,0,1,-14.893,gap/us,-1.33,0,42,21
2026-08-04,2026-08-03,,20,US,TSM,17.14,20.67,,6681.0,406.1099853515625,0,0,90.43,0,1.64,0,1390,9.06,0,0,-14.376,gap/us,-10.11,0,13,4
2026-08-04,2026-08-03,,1,US,CLS,37.47,20.89,1.979,809.3,341.9100036621094,1,1,99.64,1,6.74,1,1390,29.3,0,0,-60.33,gap/us,-2.37,0,19,17
2026-08-04,2026-08-03,,2,US,STX,42.82,22.15,3.56,4971.1,831.0599975585938,1,1,98.2,1,3.72,1,1390,37.36,0,0,-33.078,gap/us,-4.28,0,20,5
2026-08-04,2026-08-03,,3,US,KNX,43.02,20.68,15.756,310.8,68.41999816894531,1,1,97.91,1,3.48,1,1390,19.83,0,0,-30.957,gap/us,-8.54,0,19,7
2026-08-04,2026-08-03,,4,US,JBL,18.75,19.35,2.054,478.2,318.3900146484375,1,1,97.05,1,3.02,1,1390,15.52,0,0,-26.812,gap/us,-5.86,0,10,10
2026-08-04,2026-08-03,,5,US,TXN,16.44,28.61,1.61,2860.7,269.0400085449219,1,1,96.55,1,2.83,1,1390,13.47,0,0,-25.119,gap/us,-11.35,0,28,29
2026-08-04,2026-08-03,,6,US,MCHP,27.91,21.3,16.814,1044.3,75.22000122070312,0,0,96.4,0,2.74,0,1390,3.61,0,1,-24.281,gap/us,-14.12,0,24,1
2026-08-04,2026-08-03,,7,US,GOOGL,22.89,21.77,1.309,12234.0,373.510009765625,0,0,96.04,0,2.65,0,1390,19.33,0,0,-23.485,gap/us,1.92,0,55,4
2026-08-04,2026-08-03,,8,US,ORCL,6.45,16.6,1.466,5161.5,141.85000610351562,0,0,95.9,0,2.57,0,1390,2.92,0,1,-22.738,gap/us,-1.33,0,42,21
2026-08-04,2026-08-03,,9,US,ARGX,24.89,23.87,,304.3,830.7899780273438,0,0,94.53,0,2.25,0,1390,9.71,0,0,-19.808,gap/us,-9.38,0,16,8
2026-08-04,2026-08-03,,10,US,MU,71.61,5.55,3.384,51315.3,829.5,0,0,94.24,0,2.2,0,1390,8.57,0,0,-19.368,gap/us,-15.77,0,37,30
2026-08-04,2026-08-03,,11,US,ADI,17.1,25.09,2.143,1948.4,361.8800048828125,0,0,93.38,0,2.05,0,1390,3.13,0,1,-18.008,gap/us,-6.93,0,28,27
2026-08-04,2026-08-03,,12,US,TSM,17.14,20.67,,6681.0,406.1099853515625,0,0,92.95,0,1.97,0,1390,9.06,0,0,-17.356,gap/us,-10.11,0,13,4
2026-08-04,2026-08-03,,13,US,EME,11.83,24.07,1.139,410.0,817.4199829101562,0,0,92.66,0,1.92,0,1390,9.49,0,0,-16.854,gap/us,3.83,0,10,7
2026-08-04,2026-08-03,,14,US,SMCI,15.13,8.65,1.892,1486.7,28.639999389648438,0,0,92.52,0,1.87,0,1390,4.41,0,1,-16.405,gap/us,5.33,0,19,1
2026-08-04,2026-08-03,,15,US,QXO,13.96,25.41,,427.1,14.09000015258789,0,0,92.09,0,1.82,0,1390,2.12,0,1,-16.012,gap/us,,0,16,2
2026-08-04,2026-08-03,,16,US,NVT,19.41,28.99,1.827,369.4,159.41000366210938,0,0,92.09,0,1.82,0,1390,7.08,0,0,-16.002,gap/us,1.61,0,16,2
2026-08-04,2026-08-03,,17,US,IBKR,14.73,29.26,1.293,431.6,87.75,0,0,90.43,0,1.64,0,1390,11.19,0,0,-14.356,gap/us,-8.58,0,12,2
2026-08-04,2026-08-03,,18,US,CAT,13.8,29.54,1.399,3444.3,830.030029296875,0,0,90.43,0,1.64,0,1390,2.38,0,1,-14.349,gap/us,-14.42,0,27,5
2026-08-04,2026-08-03,,19,US,Q,14.78,28.96,1.471,323.1,133.3000030517578,0,0,90.43,0,1.63,0,1390,3.21,0,1,-14.307,gap/us,-9.12,0,8,7
2026-08-04,2026-08-03,,20,US,AVGO,18.81,22.3,2.931,9031.4,392.2300109863281,0,0,90.0,0,1.56,0,1390,4.24,0,0,-13.601,gap/us,4.9,0,46,37
2026-08-04,2026-08-03,,,US,SNDK,,,,,1288.030029296875,,,,,,,,,,,,gap/us/held_px,,,,
2026-08-05,2026-08-04,,1,US,CLS,37.51,22.65,1.982,810.7,371.1499938964844,1,1,99.07,1,4.87,1,1396,29.35,0,0,-41.094,gap/us,7.56,0,19,2
2026-08-05,2026-08-04,,2,US,AMKR,22.45,20.53,1.555,401.7,55.869998931884766,1,1,99.0,1,4.66,1,1396,19.7,0,1,-39.228,gap/us,-14.48,0,8,1
2026-08-05,2026-08-04,,3,US,STX,43.17,22.47,3.569,4818.7,845.3499755859375,1,1,98.57,1,4.2,1,1396,36.91,0,0,-35.122,gap/us,2.14,0,21,6
2026-08-05,2026-08-04,,4,US,RDDT,15.65,25.49,1.793,940.1,159.97000122070312,1,1,97.78,1,3.22,1,1396,9.45,0,0,-26.474,gap/us,-19.79,0,29,4
2026-08-05,2026-08-04,,5,US,KNX,42.99,21.62,15.778,301.3,71.62000274658203,1,1,97.71,1,3.17,1,1396,19.81,0,0,-26.031,gap/us,-3.66,0,19,16
2026-08-05,2026-08-04,,6,US,NXPI,7.15,14.09,1.613,1212.0,237.60000610351562,0,0,97.06,0,2.78,0,1396,3.51,0,1,-22.591,gap/us,-13.01,0,26,4
2026-08-05,2026-08-04,,7,US,GOOG,24.62,21.93,1.306,8069.6,375.3500061035156,0,0,97.06,0,2.73,0,1396,19.13,0,0,-22.111,gap/us,3.23,0,51,36
2026-08-05,2026-08-04,,8,US,STM,33.25,26.42,12.826,773.5,54.220001220703125,0,0,97.06,0,2.71,0,1396,7.95,0,0,-21.909,gap/us,-19.41,0,9,3
2026-08-05,2026-08-04,,9,US,ORCL,6.54,17.04,1.467,5204.6,145.74000549316406,0,0,96.13,0,2.44,0,1396,2.92,0,1,-19.512,gap/us,2.92,0,42,21
2026-08-05,2026-08-04,,10,US,SNDK,104.75,6.7,7.402,24125.1,1427.6199951171875,0,0,95.99,0,2.4,0,1396,12.74,0,0,-19.193,gap/us,-11.75,0,21,7
2026-08-05,2026-08-04,,11,US,EME,15.73,23.32,1.179,393.9,819.8800048828125,0,0,95.85,0,2.37,0,1396,13.31,0,0,-18.928,gap/us,6.7,0,10,7
2026-08-05,2026-08-04,,12,US,MCHP,27.8,22.83,16.827,1010.3,80.66999816894531,0,0,95.34,0,2.24,0,1396,3.61,0,1,-17.762,gap/us,-4.14,0,24,3
2026-08-05,2026-08-04,,13,US,AMZN,23.15,24.99,1.328,14362.1,277.4200134277344,0,0,94.41,0,1.99,0,1396,18.86,0,0,-15.548,gap/us,12.78,0,54,5
2026-08-05,2026-08-04,,14,US,ARGX,24.89,24.25,,301.2,844.5,0,0,94.34,0,1.99,0,1396,9.75,0,0,-15.527,gap/us,-8.2,0,16,9
2026-08-05,2026-08-04,,15,US,MOD,15.9,22.76,3.956,436.4,201.7100067138672,0,0,93.48,0,1.87,0,1396,1.39,0,1,-14.462,gap/us,,0,8,7
2026-08-05,2026-08-04,,16,US,INTU,6.38,11.83,1.657,1339.4,323.6000061035156,0,0,92.77,0,1.74,0,1396,1.02,0,1,-13.343,gap/us,15.09,0,33,1
2026-08-05,2026-08-04,,17,US,JBL,18.78,20.65,2.055,454.6,340.0,0,0,92.77,0,1.73,0,1396,15.55,0,0,-13.271,gap/us,5.89,0,10,10
2026-08-05,2026-08-04,,18,US,ADI,17.11,26.35,2.145,1821.6,380.2900085449219,0,0,91.76,0,1.6,0,1396,3.13,0,0,-12.146,gap/us,0.33,0,28,5
2026-08-05,2026-08-04,,19,US,Q,18.93,29.7,1.525,302.9,141.6699981689453,0,0,91.55,0,1.58,0,1396,6.86,0,0,-11.956,gap/us,0.8,0,8,6
2026-08-05,2026-08-04,,20,US,TSM,17.14,21.22,,6455.3,417.1700134277344,0,0,90.97,0,1.55,0,1396,9.06,0,0,-11.619,gap/us,-3.56,0,13,8
2026-08-05,2026-08-04,,,US,MU,,,,,892.6699829101562,,,,,,,,,,,,gap/us/held_px,,,,
2026-08-06,2026-08-05,,1,US,NVT,27.59,27.58,1.952,357.8,162.0399932861328,1,1,99.71,1,6.66,1,1397,14.29,0,0,-60.126,gap/us,4.7,0,16,6
2026-08-06,2026-08-05,,2,US,AMKR,22.43,19.79,1.555,389.9,53.86000061035156,1,1,99.57,1,6.11,1,1397,19.67,0,1,-55.006,gap/us,-19.5,0,8,1
2026-08-06,2026-08-05,,3,US,CLS,37.56,22.1,1.985,824.6,362.760009765625,1,1,99.36,1,5.3,1,1397,29.41,0,0,-47.479,gap/us,0.56,0,19,3
2026-08-06,2026-08-05,,4,US,STX,43.38,22.24,3.574,4709.8,837.6599731445312,1,1,98.85,1,4.67,1,1397,36.91,0,0,-41.565,gap/us,-2.6,0,21,6
2026-08-06,2026-08-05,,5,US,AEIS,26.63,25.57,2.711,304.7,329.2300109863281,1,1,98.0,1,3.76,1,1397,19.6,0,1,-33.098,gap/us,12.12,0,12,2
2026-08-06,2026-08-05,,6,US,SMCI,14.97,9.16,1.892,1347.6,30.31999969482422,0,0,98.0,0,3.73,0,1397,4.41,0,0,-32.813,gap/us,7.63,0,19,6
2026-08-06,2026-08-05,,7,US,MU,71.66,5.96,3.394,49027.7,893.1900024414062,0,0,97.85,0,3.39,0,1397,8.57,0,0,-29.632,gap/us,-5.86,0,37,30
2026-08-06,2026-08-05,,8,US,EME,15.73,23.38,1.18,394.0,822.1599731445312,0,0,97.85,0,3.37,0,1397,13.31,0,0,-29.51,gap/us,6.92,0,10,7
2026-08-06,2026-08-05,,9,US,NXPI,7.15,13.71,1.614,1220.0,231.14999389648438,0,0,97.49,0,3.22,0,1397,3.51,0,1,-28.078,gap/us,-18.55,0,26,4
2026-08-06,2026-08-05,,10,US,ORCL,6.64,16.87,1.468,5283.6,144.38999938964844,0,0,96.85,0,2.96,0,1397,2.91,0,1,-25.71,gap/us,2.78,0,42,21
2026-08-06,2026-08-05,,11,US,GOOG,24.49,21.06,1.304,7945.2,360.1300048828125,0,0,96.85,0,2.91,0,1397,19.01,0,0,-25.182,gap/us,0.4,0,51,36
2026-08-06,2026-08-05,,12,US,JBL,18.81,20.56,2.056,447.2,338.6199951171875,0,0,96.35,0,2.78,0,1397,15.58,0,0,-24.023,gap/us,4.12,0,10,10
2026-08-06,2026-08-05,,13,US,TXN,16.45,29.5,1.612,2684.0,277.7200012207031,0,0,95.85,0,2.55,0,1397,13.48,0,0,-21.868,gap/us,-7.83,0,28,25
2026-08-06,2026-08-05,,14,US,WDC,14.05,26.73,1.159,4874.3,519.1699829101562,0,0,95.85,0,2.55,0,1397,9.27,0,0,-21.816,gap/us,-5.66,0,19,5
2026-08-06,2026-08-05,,15,US,MCHP,27.76,22.0,16.84,1015.7,77.79000091552734,0,0,95.85,0,2.54,0,1397,3.61,0,1,-21.793,gap/us,-9.01,0,24,3
2026-08-06,2026-08-05,,16,US,AMZN,23.05,24.57,1.327,14476.5,272.6499938964844,0,0,95.35,0,2.45,0,1397,18.76,0,0,-20.922,gap/us,11.92,0,54,5
2026-08-06,2026-08-05,,17,US,MKSI,29.87,22.42,2.922,550.9,313.1000061035156,0,0,95.2,0,2.43,0,1397,3.86,0,0,-20.72,gap/us,-10.39,0,13,4
2026-08-06,2026-08-05,,18,US,TSM,17.14,21.05,,6435.6,414.0,0,0,93.7,0,2.18,0,1397,9.07,0,0,-18.417,gap/us,-5.26,0,13,8
2026-08-06,2026-08-05,,19,US,APP,9.02,21.9,1.639,2649.3,417.79998779296875,0,0,93.34,0,2.04,0,1397,2.39,0,1,-17.066,gap/us,-19.99,0,25,1
2026-08-06,2026-08-05,,20,US,ADI,17.13,26.16,2.146,1822.4,377.69000244140625,0,0,92.27,0,1.9,0,1397,3.13,0,0,-15.8,gap/us,-2.0,0,28,5
2026-08-06,2026-08-05,,,US,KNX,,,,,70.80999755859375,,,,,,,,,,,,gap/us/held_px,,,,
2026-08-07,2026-08-06,,1,US,CLS,37.6,19.14,1.987,824.1,314.5299987792969,1,1,99.71,1,6.35,1,1399,29.46,0,1,-60.569,gap/us,-11.35,0,19,3
2026-08-07,2026-08-06,,2,US,AEIS,33.69,23.81,2.864,304.5,323.9100036621094,1,1,99.0,1,4.61,1,1399,26.27,0,1,-43.587,gap/us,4.73,0,12,3
2026-08-07,2026-08-06,,3,US,STX,43.58,22.61,3.579,4647.8,852.9500122070312,1,1,98.71,1,4.06,1,1399,36.9,0,0,-38.142,gap/us,-4.17,0,21,7
2026-08-07,2026-08-06,,4,US,GOOGL,21.76,20.91,1.305,12179.2,357.75,1,1,97.36,1,3.2,1,1399,18.96,0,0,-29.763,gap/us,-0.32,0,55,44
2026-08-07,2026-08-06,,5,US,AMZN,23.35,24.47,1.331,14414.5,272.260009765625,1,1,96.93,1,2.92,1,1399,19.05,0,0,-26.982,gap/us,10.21,0,53,5
2026-08-07,2026-08-06,,6,US,EME,15.73,22.98,1.18,390.8,808.4299926757812,0,0,96.43,0,2.73,0,1399,13.31,0,0,-25.142,gap/us,3.19,0,10,2
2026-08-07,2026-08-06,,7,US,ORCL,6.74,16.75,1.47,5214.0,143.47000122070312,0,0,95.93,0,2.58,0,1399,2.91,0,1,-23.693,gap/us,-0.52,0,42,21
2026-08-07,2026-08-06,,8,US,MCHP,28.11,20.95,16.905,987.9,74.36000061035156,0,0,95.85,0,2.57,0,1399,3.93,0,1,-23.598,gap/us,-15.75,0,24,4
2026-08-07,2026-08-06,,9,US,MU,71.68,5.87,3.399,47949.7,881.469970703125,0,0,94.42,0,2.34,0,1399,8.57,0,0,-21.314,gap/us,-11.11,0,37,30
2026-08-07,2026-08-06,,10,US,TXN,16.36,29.56,1.613,2625.0,278.3999938964844,0,0,94.42,0,2.33,0,1399,13.41,0,0,-21.254,gap/us,-9.77,0,28,25
2026-08-07,2026-08-06,,11,US,SMCI,14.88,8.87,1.892,1316.2,29.3799991607666,0,0,92.99,0,2.06,0,1399,4.41,0,1,-18.594,gap/us,4.04,0,19,6
2026-08-07,2026-08-06,,12,US,JBL,18.83,20.91,2.058,429.4,344.6700134277344,0,0,92.14,0,1.94,0,1399,15.6,0,0,-17.377,gap/us,3.66,0,10,10
2026-08-07,2026-08-06,,13,US,ADI,17.14,26.12,2.147,1755.7,377.30999755859375,0,0,90.85,0,1.72,0,1399,3.13,0,0,-15.27,gap/us,-4.15,0,28,6
2026-08-07,2026-08-06,,14,US,NVT,28.19,27.67,1.961,353.4,163.3000030517578,0,0,90.42,0,1.66,0,1399,14.76,0,0,-14.641,gap/us,3.32,0,16,6
2026-08-07,2026-08-06,,15,US,CAT,10.96,29.68,1.437,3336.3,856.9600219726562,0,0,90.28,0,1.6,0,1399,4.78,0,0,-14.047,gap/us,-8.68,0,27,5
2026-08-07,2026-08-06,,16,US,TSM,17.15,21.25,,6315.9,418.20001220703125,0,0,90.28,0,1.59,0,1399,9.07,0,0,-14.003,gap/us,-4.29,0,13,8
2026-08-07,2026-08-06,,17,US,IBKR,14.28,28.71,1.292,417.7,86.0199966430664,0,0,87.49,0,1.31,0,1399,10.07,0,0,-11.212,gap/us,-9.72,0,12,11
2026-08-07,2026-08-06,,18,US,INTU,6.3,11.77,1.657,1313.1,321.9100036621094,0,0,86.99,0,1.27,0,1399,0.95,0,1,-10.828,gap/us,17.75,0,33,2
2026-08-07,2026-08-06,,19,US,NVDA,20.74,19.92,1.683,27454.2,218.99000549316406,0,0,85.92,0,1.19,0,1399,3.67,0,0,-10.026,gap/us,7.99,0,50,4
2026-08-07,2026-08-06,,20,US,KEYS,19.36,29.26,1.894,472.2,336.9599914550781,0,0,85.92,0,1.19,0,1399,1.63,0,0,-10.022,gap/us,4.59,0,12,13
2026-08-07,2026-08-06,,,US,KNX,,,,,69.27999877929688,,,,,,,,,,,,gap/us/held_px,,,,
2026-08-08,2026-08-07,,1,US,CLS,37.33,19.35,1.986,883.1,317.8299865722656,1,1,99.5,1,5.49,1,1404,29.21,0,1,-55.474,gap/us,-11.68,0,19,3
2026-08-08,2026-08-07,,2,US,STX,43.79,21.51,3.584,4664.9,812.760009765625,1,1,98.93,1,4.67,1,1404,36.89,0,0,-46.843,gap/us,-10.72,0,21,7
2026-08-08,2026-08-07,,3,US,MCHP,20.36,21.61,18.665,994.1,84.69000244140625,1,1,97.29,1,3.3,1,1404,14.66,0,0,-32.426,gap/us,-4.4,0,22,4
2026-08-08,2026-08-07,,4,US,GILD,76.35,23.22,0.782,988.4,133.2100067138672,1,1,97.22,1,3.24,1,1404,24.05,0,1,-31.814,gap/us,2.6,0,25,8
2026-08-08,2026-08-07,,5,US,RDDT,15.91,25.65,1.801,946.1,161.6999969482422,1,1,96.94,1,3.13,1,1404,9.7,0,0,-30.601,gap/us,-17.22,0,29,3
2026-08-08,2026-08-07,,6,US,MKSI,20.84,19.84,3.216,558.9,304.989990234375,0,0,96.37,0,2.89,0,1404,13.88,0,0,-28.157,gap/us,-17.25,0,13,4
2026-08-08,2026-08-07,,7,US,RMBS,7.42,29.59,1.634,366.3,101.5199966430664,0,0,96.01,0,2.71,0,1404,3.27,0,1,-26.241,gap/us,-9.44,0,9,2
2026-08-08,2026-08-07,,8,US,NXPI,7.15,14.2,1.616,1187.8,239.7100067138672,0,0,95.73,0,2.67,0,1404,3.52,0,1,-25.807,gap/us,-17.98,0,26,5
2026-08-08,2026-08-07,,9,US,MU,71.71,5.84,3.404,46592.2,877.5700073242188,0,0,95.73,0,2.66,0,1404,8.57,0,0,-25.746,gap/us,-10.39,0,37,30
2026-08-08,2026-08-07,,10,US,EME,15.74,23.21,1.181,391.6,816.9000244140625,0,0,95.44,0,2.59,0,1404,13.31,0,0,-24.954,gap/us,4.49,0,10,2
2026-08-08,2026-08-07,,11,US,GOOGL,85.54,20.73,1.304,11962.2,354.29998779296875,0,0,94.16,0,2.35,0,1404,18.81,0,0,-22.398,gap/us,-0.81,0,55,44
2026-08-08,2026-08-07,,12,US,AMZN,23.48,24.56,1.337,14144.0,274.4800109863281,0,0,94.16,0,2.34,0,1404,19.51,0,0,-22.37,gap/us,11.88,0,52,5
2026-08-08,2026-08-07,,13,US,CAT,14.93,28.14,1.489,3302.4,842.1900024414062,0,0,93.95,0,2.29,0,1404,8.29,0,0,-21.811,gap/us,-11.57,0,27,5
2026-08-08,2026-08-07,,14,US,ORCL,6.82,17.14,1.471,5123.9,147.02000427246094,0,0,93.59,0,2.19,0,1404,2.84,0,1,-20.741,gap/us,4.54,0,42,21
2026-08-08,2026-08-07,,15,US,JBL,18.86,20.69,2.059,415.9,341.2200012207031,0,0,93.52,0,2.17,0,1404,15.63,0,0,-20.497,gap/us,3.31,0,10,10
2026-08-08,2026-08-07,,16,US,CBOE,5.87,19.31,1.252,341.0,286.5799865722656,0,0,91.45,0,1.86,0,1404,4.14,0,1,-17.315,gap/us,6.9,0,12,10
2026-08-08,2026-08-07,,17,US,ADI,17.16,26.98,2.148,1736.7,389.92999267578125,0,0,89.03,0,1.51,0,1404,3.14,0,0,-13.556,gap/us,-1.45,0,28,6
2026-08-08,2026-08-07,,18,US,UBER,16.24,18.49,1.012,1432.2,75.0199966430664,0,0,88.82,0,1.49,0,1404,7.51,0,0,-13.368,gap/us,0.64,0,38,2
2026-08-08,2026-08-07,,19,US,TSM,17.15,21.33,,6317.3,420.0400085449219,0,0,87.96,0,1.38,0,1404,9.07,0,0,-12.18,gap/us,-3.24,0,13,8
2026-08-08,2026-08-07,,20,US,SMCI,14.8,9.4,1.892,1286.2,31.1299991607666,0,0,86.82,0,1.28,0,1404,4.41,0,0,-11.119,gap/us,9.96,0,19,6
2026-08-08,2026-08-07,,,US,KNX,,,,,70.0199966430664,,,,,,,,,,,,gap/us/held_px,,,,
2026-08-08,2026-08-07,,,US,TXN,,,,,286.0799865722656,,,,,,,,,,,,gap/us/held_px,,,,
2026-08-10,2026-08-07,,1,US,CLS,37.33,19.35,1.986,883.1,317.8299865722656,1,1,99.5,1,5.49,1,1404,29.21,0,1,-55.474,gap/us,-11.68,0,19,3
2026-08-10,2026-08-07,,2,US,STX,43.79,21.51,3.584,4664.9,812.760009765625,1,1,98.93,1,4.67,1,1404,36.89,0,0,-46.843,gap/us,-10.72,0,21,7
2026-08-10,2026-08-07,,3,US,MCHP,20.36,21.61,18.665,994.1,84.69000244140625,1,1,97.29,1,3.3,1,1404,14.66,0,0,-32.426,gap/us,-4.4,0,22,4
2026-08-10,2026-08-07,,4,US,GILD,76.35,23.22,0.782,988.4,133.2100067138672,1,1,97.22,1,3.24,1,1404,24.05,0,1,-31.814,gap/us,2.6,0,25,8
2026-08-10,2026-08-07,,5,US,RDDT,15.91,25.65,1.801,946.1,161.6999969482422,1,1,96.94,1,3.13,1,1404,9.7,0,0,-30.601,gap/us,-17.22,0,29,3
2026-08-10,2026-08-07,,6,US,MKSI,20.84,19.84,3.216,558.9,304.989990234375,0,0,96.37,0,2.89,0,1404,13.88,0,0,-28.157,gap/us,-17.25,0,13,4
2026-08-10,2026-08-07,,7,US,RMBS,7.42,29.59,1.634,366.3,101.5199966430664,0,0,96.01,0,2.71,0,1404,3.27,0,1,-26.241,gap/us,-9.44,0,9,2
2026-08-10,2026-08-07,,8,US,NXPI,7.15,14.2,1.616,1187.8,239.7100067138672,0,0,95.73,0,2.67,0,1404,3.52,0,1,-25.807,gap/us,-17.98,0,26,5
2026-08-10,2026-08-07,,9,US,MU,71.71,5.84,3.404,46592.2,877.5700073242188,0,0,95.73,0,2.66,0,1404,8.57,0,0,-25.746,gap/us,-10.39,0,37,30
2026-08-10,2026-08-07,,10,US,EME,15.74,23.21,1.181,391.6,816.9000244140625,0,0,95.44,0,2.59,0,1404,13.31,0,0,-24.954,gap/us,4.49,0,10,2
2026-08-10,2026-08-07,,11,US,GOOGL,85.54,20.73,1.304,11962.2,354.29998779296875,0,0,94.16,0,2.35,0,1404,18.81,0,0,-22.398,gap/us,-0.81,0,55,44
2026-08-10,2026-08-07,,12,US,AMZN,23.48,24.56,1.337,14144.0,274.4800109863281,0,0,94.16,0,2.34,0,1404,19.51,0,0,-22.37,gap/us,11.88,0,52,5
2026-08-10,2026-08-07,,13,US,CAT,14.93,28.14,1.489,3302.4,842.1900024414062,0,0,93.95,0,2.29,0,1404,8.29,0,0,-21.811,gap/us,-11.57,0,27,5
2026-08-10,2026-08-07,,14,US,ORCL,6.82,17.14,1.471,5123.9,147.02000427246094,0,0,93.59,0,2.19,0,1404,2.84,0,1,-20.741,gap/us,4.54,0,42,21
2026-08-10,2026-08-07,,15,US,JBL,18.86,20.69,2.059,415.9,341.2200012207031,0,0,93.52,0,2.17,0,1404,15.63,0,0,-20.497,gap/us,3.31,0,10,10
2026-08-10,2026-08-07,,16,US,CBOE,5.87,19.31,1.252,341.0,286.5799865722656,0,0,91.45,0,1.86,0,1404,4.14,0,1,-17.315,gap/us,6.9,0,12,10
2026-08-10,2026-08-07,,17,US,ADI,17.16,26.98,2.148,1736.7,389.92999267578125,0,0,89.03,0,1.51,0,1404,3.14,0,0,-13.556,gap/us,-1.45,0,28,6
2026-08-10,2026-08-07,,18,US,UBER,16.24,18.49,1.012,1432.2,75.0199966430664,0,0,88.82,0,1.49,0,1404,7.51,0,0,-13.368,gap/us,0.64,0,38,2
2026-08-10,2026-08-07,,19,US,TSM,17.15,21.33,,6317.3,420.0400085449219,0,0,87.96,0,1.38,0,1404,9.07,0,0,-12.18,gap/us,-3.24,0,13,8
2026-08-10,2026-08-07,,20,US,SMCI,14.8,9.4,1.892,1286.2,31.1299991607666,0,0,86.82,0,1.28,0,1404,4.41,0,0,-11.119,gap/us,9.96,0,19,6
2026-08-10,2026-08-07,,,US,KNX,,,,,70.0199966430664,,,,,,,,,,,,gap/us/held_px,,,,
2026-08-10,2026-08-07,,,US,TXN,,,,,286.0799865722656,,,,,,,,,,,,gap/us/held_px,,,,
2026-08-11,2026-08-10,,1,US,AMKR,22.32,19.4,1.557,358.7,52.869998931884766,1,1,99.79,1,5.56,1,1402,19.56,0,1,-58.493,gap/us,-19.97,0,8,1
2026-08-11,2026-08-10,,2,US,CLS,36.8,19.17,1.984,888.0,314.5899963378906,1,1,98.86,1,4.58,1,1402,28.74,0,1,-47.863,gap/us,-8.86,0,19,3
2026-08-11,2026-08-10,,3,US,STX,44.4,21.11,3.6,4637.0,800.989990234375,1,1,98.5,1,4.26,1,1402,36.17,0,0,-44.367,gap/us,-6.93,0,21,7
2026-08-11,2026-08-10,,4,US,MCHP,21.44,20.53,18.876,1017.4,81.38999938964844,1,1,98.0,1,3.91,1,1402,15.54,0,1,-40.609,gap/us,-3.37,0,24,4
2026-08-11,2026-08-10,,5,US,MKSI,23.91,18.51,3.304,538.5,292.3500061035156,1,1,97.86,1,3.84,1,1402,16.75,0,1,-39.903,gap/us,-16.95,0,13,4
2026-08-11,2026-08-10,,6,US,RMBS,7.41,27.9,1.637,362.6,95.88999938964844,0,0,96.58,0,3.27,0,1402,3.25,0,1,-33.703,gap/us,-7.0,0,9,2
2026-08-11,2026-08-10,,7,US,GILD,77.72,22.84,0.794,994.9,133.05999755859375,0,0,96.08,0,3.08,0,1402,23.71,0,1,-31.604,gap/us,1.26,0,26,8
2026-08-11,2026-08-10,,8,US,NXPI,7.15,13.81,1.618,1179.1,233.42999267578125,0,0,95.51,0,2.83,0,1402,3.52,0,1,-28.948,gap/us,-16.15,0,26,5
2026-08-11,2026-08-10,,9,US,ONTO,26.37,28.88,4.715,399.9,291.3500061035156,0,0,95.15,0,2.7,0,1402,16.74,0,0,-27.553,gap/us,-4.23,0,10,7
2026-08-11,2026-08-10,,10,US,TXN,16.39,29.73,1.615,2564.2,280.44000244140625,0,0,94.94,0,2.63,0,1402,13.43,0,0,-26.783,gap/us,-6.07,0,28,25
2026-08-11,2026-08-10,,11,US,MU,70.82,5.72,3.409,44277.3,861.0,0,0,94.58,0,2.54,0,1402,8.44,0,0,-25.781,gap/us,-8.11,0,38,30
2026-08-11,2026-08-10,,12,US,EME,15.74,22.98,1.182,393.1,809.3300170898438,0,0,94.58,0,2.52,0,1402,13.31,0,0,-25.602,gap/us,5.81,0,10,2
2026-08-11,2026-08-10,,13,US,JBL,18.94,20.37,2.063,409.0,336.6300048828125,0,0,93.72,0,2.37,0,1402,15.71,0,0,-23.936,gap/us,4.56,0,10,10
2026-08-11,2026-08-10,,14,US,GOOGL,87.41,20.98,1.3,11686.4,357.5199890136719,0,0,93.22,0,2.31,0,1402,18.45,0,0,-23.323,gap/us,1.42,0,55,44
2026-08-11,2026-08-10,,15,US,CAT,14.9,27.95,1.492,3207.7,837.5800170898438,0,0,93.08,0,2.3,0,1402,8.26,0,1,-23.167,gap/us,-10.08,0,27,5
2026-08-11,2026-08-10,,16,US,RDDT,15.89,25.13,1.805,955.7,158.72000122070312,0,0,92.87,0,2.21,0,1402,9.69,0,1,-22.182,gap/us,-21.01,0,29,3
2026-08-11,2026-08-10,,17,US,CBOE,5.88,19.2,1.253,333.3,285.0199890136719,0,0,91.73,0,1.91,0,1402,4.14,0,1,-19.025,gap/us,2.85,0,12,10
2026-08-11,2026-08-10,,18,US,GWW,68.71,26.37,1.323,420.1,1297.449951171875,0,0,91.65,0,1.91,0,1402,2.15,0,0,-18.958,gap/us,-6.77,0,19,4
2026-08-11,2026-08-10,,19,US,ADI,17.2,26.52,2.151,1683.8,383.92498779296875,0,0,91.08,0,1.8,0,1402,3.14,0,0,-17.788,gap/us,-0.54,0,28,6
2026-08-11,2026-08-10,,20,US,ORCL,7.12,17.57,1.475,5049.1,151.0500030517578,0,0,91.08,0,1.79,0,1402,2.83,0,1,-17.702,gap/us,14.83,0,42,21
2026-08-11,2026-08-10,,,US,KNX,,,,,68.66999816894531,,,,,,,,,,,,gap/us/held_px,,,,
2026-08-12,2026-08-11,,1,US,NDAQ,8.64,21.28,1.345,362.2,95.0199966430664,1,1,100.0,1,88.13,1,1403,4.88,0,0,-928.028,gap/us,7.96,0,16,15
2026-08-12,2026-08-11,,2,US,AMKR,22.3,19.92,1.558,347.8,54.29999923706055,1,1,99.22,1,4.94,1,1403,19.54,0,1,-50.552,gap/us,-22.65,0,8,1
2026-08-12,2026-08-11,,3,US,CLS,35.9,19.02,1.974,896.1,310.3800048828125,1,1,98.08,1,4.14,1,1403,27.9,0,1,-42.107,gap/us,-10.04,0,20,3
2026-08-12,2026-08-11,,4,US,STX,45.13,21.6,3.605,4466.4,820.52001953125,1,1,97.79,1,3.89,1,1403,34.65,0,0,-39.512,gap/us,-6.58,0,21,7
2026-08-12,2026-08-11,,5,US,MCHP,21.69,20.39,18.921,949.1,81.0199966430664,1,1,97.65,1,3.74,1,1403,15.72,0,1,-37.904,gap/us,-6.99,0,24,4
2026-08-12,2026-08-11,,6,US,MKSI,23.92,18.62,3.307,522.7,294.3800048828125,0,0,97.51,0,3.64,0,1403,16.76,0,1,-36.882,gap/us,-17.87,0,13,4
2026-08-12,2026-08-11,,7,US,GILD,78.31,23.15,0.799,940.4,135.77000427246094,0,0,95.65,0,2.88,0,1403,23.83,0,0,-28.882,gap/us,4.41,0,26,8
2026-08-12,2026-08-11,,8,US,EME,15.75,23.18,1.182,364.8,816.8599853515625,0,0,94.8,0,2.52,0,1403,13.31,0,0,-25.082,gap/us,5.44,0,10,2
2026-08-12,2026-08-11,,9,US,GOOGL,19.09,20.18,1.299,10623.3,343.79998779296875,0,0,94.8,0,2.52,0,1403,18.27,0,0,-25.061,gap/us,-4.37,0,55,44
2026-08-12,2026-08-11,,10,US,TXN,16.4,29.8,1.616,2321.2,281.239990234375,0,0,94.58,0,2.49,0,1403,13.44,0,0,-24.719,gap/us,-7.96,0,28,25
2026-08-12,2026-08-11,,11,US,NXPI,7.15,13.97,1.619,1138.4,236.3800048828125,0,0,94.37,0,2.44,0,1403,3.52,0,1,-24.19,gap/us,-16.73,0,26,5
2026-08-12,2026-08-11,,12,US,MU,69.8,5.77,3.41,41818.6,868.52001953125,0,0,93.66,0,2.25,0,1403,8.32,0,0,-22.204,gap/us,-11.66,0,38,30
2026-08-12,2026-08-11,,13,US,ORCL,7.21,16.9,1.476,4991.3,145.47999572753906,0,0,93.59,0,2.19,0,1403,2.83,0,1,-21.541,gap/us,13.71,0,42,21
2026-08-12,2026-08-11,,14,US,CAT,14.51,28.08,1.495,2797.9,843.3699951171875,0,0,93.3,0,2.15,0,1403,8.11,0,0,-21.198,gap/us,-9.64,0,27,5
2026-08-12,2026-08-11,,15,US,CBOE,5.89,19.04,1.253,326.4,282.7300109863281,0,0,91.38,0,1.78,0,1403,3.18,0,1,-17.271,gap/us,2.82,0,12,10
2026-08-12,2026-08-11,,16,US,AMZN,23.19,24.38,1.336,12270.8,272.2699890136719,0,0,90.31,0,1.63,0,1403,19.25,0,0,-15.633,gap/us,10.01,0,51,5
2026-08-12,2026-08-11,,17,US,JBL,18.97,21.56,2.065,371.3,356.6099853515625,0,0,89.45,0,1.56,0,1403,15.74,0,0,-14.906,gap/us,9.12,0,10,10
2026-08-12,2026-08-11,,18,US,ADI,16.83,26.6,2.152,1558.7,385.29998779296875,0,0,88.38,0,1.41,0,1403,3.14,0,0,-13.32,gap/us,-1.9,0,28,6
2026-08-12,2026-08-11,,19,US,NVDA,20.62,19.69,1.691,26781.3,217.5,0,0,88.31,0,1.4,0,1403,3.53,0,0,-13.233,gap/us,2.69,0,50,4
2026-08-12,2026-08-11,,20,US,GS,18.35,14.2,1.331,2089.4,1034.4100341796875,0,0,87.67,0,1.36,0,1403,14.88,0,0,-12.849,gap/us,-9.26,0,22,21
2026-08-12,2026-08-11,,,US,KNX,,,,,68.52999877929688,,,,,,,,,,,,gap/us/held_px,,,,
2026-08-13,2026-08-12,,1,US,AMKR,22.27,20.39,1.558,335.4,55.59000015258789,1,1,99.15,1,5.07,1,1404,19.51,0,1,-48.822,gap/us,-17.81,0,8,1
2026-08-13,2026-08-12,,2,US,MCHP,21.67,19.98,18.933,930.6,79.44000244140625,1,1,97.93,1,3.98,1,1404,15.7,0,1,-37.921,gap/us,-7.91,0,24,4
2026-08-13,2026-08-12,,3,US,WDC,25.85,21.17,1.28,4138.9,454.1000061035156,1,1,97.86,1,3.75,1,1404,17.54,0,0,-35.613,gap/us,-11.63,0,21,5
2026-08-13,2026-08-12,,4,US,STX,45.33,23.08,3.61,4379.4,878.2100219726562,1,1,97.58,1,3.56,1,1404,34.64,0,0,-33.687,gap/us,6.03,0,21,7
2026-08-13,2026-08-12,,5,US,GILD,77.68,23.05,0.803,936.2,135.8699951171875,0,1,96.51,1,3.02,1,1404,23.68,0,0,-28.279,gap/us,3.17,0,26,8
2026-08-13,2026-08-12,,6,US,MKSI,23.93,19.4,3.309,500.3,306.8299865722656,1,0,96.44,0,2.97,0,1404,16.76,0,0,-27.765,gap/us,-13.28,0,13,4
2026-08-13,2026-08-12,,7,US,TXN,16.4,29.29,1.617,2240.2,276.5899963378906,0,0,96.08,0,2.88,0,1404,13.44,0,0,-26.87,gap/us,-8.17,0,28,25
2026-08-13,2026-08-12,,8,US,NXPI,7.15,13.79,1.62,1126.4,233.41000366210938,0,0,95.87,0,2.82,0,1404,3.52,0,1,-26.263,gap/us,-16.34,0,26,5
2026-08-13,2026-08-12,,9,US,CLS,35.94,20.77,1.976,897.3,339.4599914550781,0,0,95.87,0,2.82,0,1404,27.95,0,1,-26.236,gap/us,1.4,0,20,3
2026-08-13,2026-08-12,,10,US,GOOGL,18.97,20.19,1.298,10553.3,343.5400085449219,0,0,95.44,0,2.74,0,1404,18.15,0,1,-25.394,gap/us,-7.38,0,55,44
2026-08-13,2026-08-12,,11,US,NOK,6.8,22.34,3.08,898.2,10.319999694824219,0,0,95.16,0,2.62,0,1404,2.49,0,1,-24.233,gap/us,-8.27,0,7,3
2026-08-13,2026-08-12,,12,US,EME,15.75,23.65,1.182,358.0,833.4000244140625,0,0,94.16,0,2.35,0,1404,13.31,0,0,-21.543,gap/us,8.27,0,10,2
2026-08-13,2026-08-12,,13,US,SNDK,29.53,6.13,7.62,22398.2,1344.2900390625,0,0,93.73,0,2.19,0,1404,6.73,0,0,-19.883,gap/us,-16.76,0,18,7
2026-08-13,2026-08-12,,14,US,AMZN,23.08,23.95,1.335,11939.0,267.2799987792969,0,0,92.59,0,1.97,0,1404,19.15,0,0,-17.723,gap/us,4.83,0,51,5
2026-08-13,2026-08-12,,15,US,MU,69.82,6.04,3.415,40354.1,911.2899780273438,0,0,92.52,0,1.96,0,1404,8.31,0,0,-17.54,gap/us,0.78,0,38,30
2026-08-13,2026-08-12,,16,US,CAT,14.5,28.47,1.496,2750.9,855.5999755859375,0,0,92.45,0,1.95,0,1404,8.1,0,0,-17.483,gap/us,-6.42,0,27,5
2026-08-13,2026-08-12,,17,US,ORCL,7.31,17.79,1.478,4962.4,153.27999877929688,0,0,91.95,0,1.85,0,1404,2.82,0,1,-16.479,gap/us,15.69,0,42,21
2026-08-13,2026-08-12,,18,US,CBOE,5.89,19.59,1.253,318.7,290.9800109863281,0,0,91.67,0,1.81,0,1404,3.18,0,1,-16.053,gap/us,5.01,0,12,10
2026-08-13,2026-08-12,,19,US,UBER,17.45,18.4,1.021,1369.4,75.36000061035156,0,0,90.17,0,1.62,0,1404,8.32,0,0,-14.181,gap/us,3.7,0,39,2
2026-08-13,2026-08-12,,20,US,ADI,16.85,26.53,2.153,1521.6,384.42999267578125,0,0,89.53,0,1.51,0,1404,3.15,0,0,-13.042,gap/us,-1.67,0,28,6
2026-08-14,2026-08-13,,1,US,MCHP,22.01,19.47,19.001,905.8,77.69000244140625,1,1,99.08,1,4.81,1,1407,15.35,0,1,-46.894,gap/us,-4.88,0,24,17
2026-08-14,2026-08-13,,2,US,AMKR,22.25,21.18,1.558,330.3,57.75,1,1,99.0,1,4.66,1,1407,19.49,0,1,-45.286,gap/us,-8.36,0,8,1
2026-08-14,2026-08-13,,3,US,RDDT,16.33,24.88,1.816,935.7,158.1199951171875,1,1,98.72,1,4.32,1,1407,9.83,0,1,-41.818,gap/us,-14.65,0,28,19
2026-08-14,2026-08-13,,4,US,MTZ,14.0,25.38,1.974,443.6,286.1099853515625,1,1,97.58,1,3.57,1,1407,9.82,0,1,-34.071,gap/us,-16.05,0,18,14
2026-08-14,2026-08-13,,5,US,LITE,23.65,26.67,6.114,3746.4,880.4099731445312,0,1,97.37,1,3.35,1,1407,15.68,0,0,-31.858,gap/us,24.66,0,23,6
2026-08-14,2026-08-13,,6,US,MKSI,23.95,19.35,3.312,479.6,306.2900085449219,1,0,97.3,0,3.33,0,1407,16.77,0,0,-31.662,gap/us,-7.74,0,13,8
2026-08-14,2026-08-13,,7,US,STM,33.02,25.91,13.009,689.8,53.91999816894531,0,0,97.16,0,3.22,0,1407,7.77,0,1,-30.521,gap/us,-14.1,0,9,3
2026-08-14,2026-08-13,,8,US,TXN,16.41,28.94,1.618,2186.5,273.42999267578125,0,0,96.94,0,3.1,0,1407,13.45,0,0,-29.261,gap/us,-6.11,0,28,25
2026-08-14,2026-08-13,,9,US,NXPI,7.15,13.7,1.62,1108.5,231.91000366210938,0,0,96.8,0,2.98,0,1407,3.52,0,1,-28.045,gap/us,-14.32,0,26,19
2026-08-14,2026-08-13,,10,US,GILD,77.06,23.32,0.807,930.7,138.13999938964844,0,0,96.66,0,2.97,0,1407,23.53,0,0,-27.925,gap/us,1.35,0,26,8
2026-08-14,2026-08-13,,11,US,CLS,35.98,21.24,1.979,914.4,347.6300048828125,0,0,96.3,0,2.92,0,1407,28.0,0,0,-27.405,gap/us,14.4,0,20,3
2026-08-14,2026-08-13,,12,US,WDC,26.04,22.69,1.282,4028.4,487.2900085449219,0,0,96.23,0,2.88,0,1407,17.57,0,0,-27.067,gap/us,4.39,0,21,16
2026-08-14,2026-08-13,,13,US,GOOGL,18.9,20.37,1.297,10420.0,346.3599853515625,0,0,95.45,0,2.66,0,1407,17.78,0,0,-24.725,gap/us,-2.29,0,55,47
2026-08-14,2026-08-13,,14,US,STX,45.54,24.18,3.615,4383.3,921.3699951171875,0,0,94.74,0,2.51,0,1407,34.62,0,0,-23.237,gap/us,23.59,0,21,20
2026-08-14,2026-08-13,,15,US,EME,15.75,23.58,1.183,357.2,831.22998046875,0,0,94.6,0,2.44,0,1407,13.31,0,0,-22.504,gap/us,10.82,0,10,8
2026-08-14,2026-08-13,,16,US,NOK,6.8,22.85,3.081,914.5,10.5600004196167,0,0,94.17,0,2.34,0,1407,2.48,0,1,-21.46,gap/us,1.73,0,7,3
2026-08-14,2026-08-13,,17,US,AMZN,23.31,23.7,1.338,11679.6,265.1300048828125,0,0,93.46,0,2.22,0,1407,19.39,0,0,-20.269,gap/us,6.1,0,53,45
2026-08-14,2026-08-13,,18,US,SMCI,56.57,8.52,2.627,1448.5,39.15999984741211,0,0,93.18,0,2.18,0,1407,59.05,0,0,-19.798,gap/us,58.67,0,18,5
2026-08-14,2026-08-13,,19,US,CAT,14.49,28.42,1.497,2724.2,854.5999755859375,0,0,92.18,0,1.9,0,1407,8.09,0,0,-16.902,gap/us,-2.57,0,27,5
2026-08-14,2026-08-13,,20,US,ORCL,7.41,18.12,1.479,5010.1,156.22000122070312,0,0,92.18,0,1.87,0,1407,2.82,0,1,-16.658,gap/us,25.77,0,42,21
2026-08-15,2026-08-14,,1,US,MCHP,21.63,19.89,18.956,882.9,79.16999816894531,1,1,98.58,1,4.5,1,1406,15.66,0,1,-39.928,gap/us,-2.21,0,24,4
2026-08-15,2026-08-14,,2,US,AMKR,22.23,21.63,1.559,323.9,58.9900016784668,1,1,98.51,1,4.27,1,1406,19.47,0,1,-37.825,gap/us,-6.28,0,8,1
2026-08-15,2026-08-14,,3,US,GILD,76.46,23.25,0.811,925.3,138.36000061035156,1,1,97.08,1,3.22,1,1406,23.38,0,0,-27.983,gap/us,3.04,0,26,8
2026-08-15,2026-08-14,,4,US,STM,32.99,26.04,13.029,667.0,54.290000915527344,0,1,97.08,1,3.19,1,1406,7.75,0,0,-27.688,gap/us,-12.52,0,9,3
2026-08-15,2026-08-14,,5,US,CLS,36.03,20.44,1.982,939.3,335.04998779296875,1,1,96.87,1,3.04,1,1406,28.06,0,1,-26.29,gap/us,11.19,0,20,3
2026-08-15,2026-08-14,,6,US,MKSI,23.96,19.61,3.314,468.3,310.7300109863281,1,0,96.73,0,2.98,0,1406,16.78,0,0,-25.736,gap/us,-4.3,0,13,4
2026-08-15,2026-08-14,,7,US,MTZ,13.99,26.38,1.975,449.7,297.5899963378906,0,0,96.59,0,2.96,0,1406,9.83,0,1,-25.512,gap/us,-9.71,0,18,14
2026-08-15,2026-08-14,,8,US,NXPI,7.15,13.85,1.621,1088.1,234.7100067138672,0,0,96.44,0,2.93,0,1406,3.52,0,1,-25.227,gap/us,-11.94,0,26,19
2026-08-15,2026-08-14,,9,US,TXN,16.42,29.58,1.618,2148.6,279.5799865722656,0,0,96.44,0,2.91,0,1406,13.45,0,0,-25.048,gap/us,-1.56,0,28,25
2026-08-15,2026-08-14,,10,US,GOOGL,18.78,20.37,1.296,10304.3,345.8999938964844,0,0,96.37,0,2.85,0,1406,17.66,0,0,-24.514,gap/us,-0.25,0,55,47
2026-08-15,2026-08-14,,11,US,AMZN,23.21,23.49,1.338,11530.2,262.6499938964844,0,0,95.31,0,2.46,0,1406,19.29,0,0,-20.83,gap/us,6.24,0,53,45
2026-08-15,2026-08-14,,12,US,EME,15.75,23.71,1.183,355.8,836.2899780273438,0,0,94.1,0,2.24,0,1406,13.32,0,0,-18.719,gap/us,12.38,0,10,8
2026-08-15,2026-08-14,,13,US,NOK,6.8,23.27,3.083,930.0,10.760000228881836,0,0,93.53,0,2.11,0,1406,2.48,0,1,-17.54,gap/us,6.32,0,7,3
2026-08-15,2026-08-14,,14,US,WDC,26.23,23.65,1.284,4011.5,508.79998779296875,0,0,93.46,0,2.09,0,1406,17.61,0,0,-17.303,gap/us,6.62,0,21,16
2026-08-15,2026-08-14,,15,US,ORCL,7.5,17.44,1.48,4926.5,150.52000427246094,0,0,92.82,0,1.97,0,1406,2.81,0,1,-16.241,gap/us,19.07,0,42,21
2026-08-15,2026-08-14,,16,US,SMCI,56.62,8.67,2.627,1560.8,39.84000015258789,0,0,92.39,0,1.88,0,1406,59.05,0,0,-15.411,gap/us,64.76,0,18,5
2026-08-15,2026-08-14,,17,US,CAT,14.49,28.47,1.497,2666.9,856.5700073242188,0,0,92.18,0,1.84,0,1406,8.08,0,0,-14.993,gap/us,-2.69,0,27,5
2026-08-15,2026-08-14,,18,US,AVGO,18.96,22.01,2.976,7652.8,392.989990234375,0,0,92.18,0,1.81,0,1406,4.38,0,0,-14.698,gap/us,5.98,0,46,2
2026-08-15,2026-08-14,,19,US,CBOE,5.9,19.93,1.254,305.8,296.1400146484375,0,0,90.68,0,1.65,0,1406,3.18,0,0,-13.238,gap/us,8.31,0,12,11
2026-08-15,2026-08-14,,20,US,QXO,11.05,25.96,,357.1,14.510000228881836,0,0,90.47,0,1.62,0,1406,5.08,0,1,-12.947,gap/us,0.76,0,17,2
2026-08-15,2026-08-14,,,US,STX,,,,,973.4400024414062,,,,,,,,,,,,gap/us/held_px,,,,
2026-08-17,2026-08-14,,1,US,MCHP,21.63,19.89,18.956,882.9,79.16999816894531,1,1,98.58,1,4.5,1,1406,15.66,0,1,-39.928,gap/us,-2.21,0,24,4
2026-08-17,2026-08-14,,2,US,AMKR,22.23,21.63,1.559,323.9,58.9900016784668,1,1,98.51,1,4.27,1,1406,19.47,0,1,-37.825,gap/us,-6.28,0,8,1
2026-08-17,2026-08-14,,3,US,GILD,76.46,23.25,0.811,925.3,138.36000061035156,1,1,97.08,1,3.22,1,1406,23.38,0,0,-27.983,gap/us,3.04,0,26,8
2026-08-17,2026-08-14,,4,US,STM,32.99,26.04,13.029,667.0,54.290000915527344,0,1,97.08,1,3.19,1,1406,7.75,0,0,-27.688,gap/us,-12.52,0,9,3
2026-08-17,2026-08-14,,5,US,CLS,36.03,20.44,1.982,939.3,335.04998779296875,1,1,96.87,1,3.04,1,1406,28.06,0,1,-26.29,gap/us,11.19,0,20,3
2026-08-17,2026-08-14,,6,US,MKSI,23.96,19.61,3.314,468.3,310.7300109863281,1,0,96.73,0,2.98,0,1406,16.78,0,0,-25.736,gap/us,-4.3,0,13,4
2026-08-17,2026-08-14,,7,US,MTZ,13.99,26.38,1.975,449.7,297.5899963378906,0,0,96.59,0,2.96,0,1406,9.83,0,1,-25.512,gap/us,-9.71,0,18,14
2026-08-17,2026-08-14,,8,US,NXPI,7.15,13.85,1.621,1088.1,234.7100067138672,0,0,96.44,0,2.93,0,1406,3.52,0,1,-25.227,gap/us,-11.94,0,26,19
2026-08-17,2026-08-14,,9,US,TXN,16.42,29.58,1.618,2148.6,279.5799865722656,0,0,96.44,0,2.91,0,1406,13.45,0,0,-25.048,gap/us,-1.56,0,28,25
2026-08-17,2026-08-14,,10,US,GOOGL,18.78,20.37,1.296,10304.3,345.8999938964844,0,0,96.37,0,2.85,0,1406,17.66,0,0,-24.514,gap/us,-0.25,0,55,47
2026-08-17,2026-08-14,,11,US,AMZN,23.21,23.49,1.338,11530.2,262.6499938964844,0,0,95.31,0,2.46,0,1406,19.29,0,0,-20.83,gap/us,6.24,0,53,45
2026-08-17,2026-08-14,,12,US,EME,15.75,23.71,1.183,355.8,836.2899780273438,0,0,94.1,0,2.24,0,1406,13.32,0,0,-18.719,gap/us,12.38,0,10,8
2026-08-17,2026-08-14,,13,US,NOK,6.8,23.27,3.083,930.0,10.760000228881836,0,0,93.53,0,2.11,0,1406,2.48,0,1,-17.54,gap/us,6.32,0,7,3
2026-08-17,2026-08-14,,14,US,WDC,26.23,23.65,1.284,4011.5,508.79998779296875,0,0,93.46,0,2.09,0,1406,17.61,0,0,-17.303,gap/us,6.62,0,21,16
2026-08-17,2026-08-14,,15,US,ORCL,7.5,17.44,1.48,4926.5,150.52000427246094,0,0,92.82,0,1.97,0,1406,2.81,0,1,-16.241,gap/us,19.07,0,42,21
2026-08-17,2026-08-14,,16,US,SMCI,56.62,8.67,2.627,1560.8,39.84000015258789,0,0,92.39,0,1.88,0,1406,59.05,0,0,-15.411,gap/us,64.76,0,18,5
2026-08-17,2026-08-14,,17,US,CAT,14.49,28.47,1.497,2666.9,856.5700073242188,0,0,92.18,0,1.84,0,1406,8.08,0,0,-14.993,gap/us,-2.69,0,27,5
2026-08-17,2026-08-14,,18,US,AVGO,18.96,22.01,2.976,7652.8,392.989990234375,0,0,92.18,0,1.81,0,1406,4.38,0,0,-14.698,gap/us,5.98,0,46,2
2026-08-17,2026-08-14,,19,US,CBOE,5.9,19.93,1.254,305.8,296.1400146484375,0,0,90.68,0,1.65,0,1406,3.18,0,0,-13.238,gap/us,8.31,0,12,11
2026-08-17,2026-08-14,,20,US,QXO,11.05,25.96,,357.1,14.510000228881836,0,0,90.47,0,1.62,0,1406,5.08,0,1,-12.947,gap/us,0.76,0,17,2
2026-08-17,2026-08-14,,,US,STX,,,,,973.4400024414062,,,,,,,,,,,,gap/us/held_px,,,,
2026-08-18,2026-08-17,,1,US,MCHP,21.94,20.06,19.05,862.9,80.26000213623047,1,1,98.79,1,4.67,1,1403,15.29,0,1,-37.791,gap/us,-0.31,0,24,17
2026-08-18,2026-08-17,,2,US,AMKR,22.17,22.46,1.56,314.0,61.29999923706055,1,1,98.57,1,4.49,1,1403,19.4,0,1,-36.258,gap/us,-2.01,0,8,6
2026-08-18,2026-08-17,,3,US,NXPI,7.15,13.72,1.624,1058.6,232.72000122070312,1,1,97.86,1,3.69,1,1403,3.52,0,1,-29.531,gap/us,-12.9,0,26,19
2026-08-18,2026-08-17,,4,US,GILD,92.17,22.96,0.824,905.6,138.9199981689453,1,1,97.86,1,3.69,1,1403,22.31,0,0,-29.501,gap/us,4.29,0,26,18
2026-08-18,2026-08-17,,5,US,STM,32.91,26.64,13.09,636.9,55.790000915527344,1,1,97.58,1,3.54,1,1403,7.69,0,0,-28.236,gap/us,-9.7,0,9,3
2026-08-18,2026-08-17,,6,US,SMCI,66.11,7.86,2.783,1604.2,38.279998779296875,0,0,97.51,0,3.44,0,1403,68.51,0,0,-27.402,gap/us,60.64,0,18,5
2026-08-18,2026-08-17,,7,US,TOST,10.28,21.36,2.472,323.0,34.31999969482422,0,0,97.15,0,3.31,0,1403,4.69,0,0,-26.335,gap/us,11.25,0,17,14
2026-08-18,2026-08-17,,8,US,MKSI,24.0,20.2,3.322,454.1,320.739990234375,0,0,97.01,0,3.21,0,1403,16.8,0,0,-25.474,gap/us,-1.09,0,13,11
2026-08-18,2026-08-17,,9,US,MTZ,13.98,26.75,1.98,456.2,302.4800109863281,0,0,96.79,0,3.11,0,1403,9.85,0,1,-24.64,gap/us,-10.14,0,18,16
2026-08-18,2026-08-17,,10,US,CLS,36.16,20.68,1.99,942.6,340.3999938964844,0,0,96.72,0,3.09,0,1403,28.21,0,1,-24.521,gap/us,10.76,0,20,18
2026-08-18,2026-08-17,,11,US,TXN,16.43,29.89,1.62,2098.0,282.9100036621094,0,0,96.72,0,3.08,0,1403,13.47,0,0,-24.429,gap/us,-0.41,0,28,25
2026-08-18,2026-08-17,,12,US,GOOG,18.16,20.18,1.29,6772.7,341.45001220703125,0,0,96.08,0,2.81,0,1403,17.26,0,1,-22.106,gap/us,-2.82,0,51,42
2026-08-18,2026-08-17,,13,US,AMZN,23.34,23.32,1.341,11377.9,261.30999755859375,0,0,95.51,0,2.65,0,1403,19.42,0,0,-20.789,gap/us,4.53,0,53,45
2026-08-18,2026-08-17,,14,US,ORCL,7.88,16.93,1.485,4830.3,146.64999389648438,0,0,94.08,0,2.31,0,1403,2.88,0,1,-17.908,gap/us,20.82,0,42,21
2026-08-18,2026-08-17,,15,US,NOK,6.8,23.27,3.088,923.1,10.779999732971191,0,0,93.94,0,2.25,0,1403,2.91,0,1,-17.435,gap/us,6.94,0,7,3
2026-08-18,2026-08-17,,16,US,AVGO,18.96,21.9,2.987,7717.0,392.42999267578125,0,0,92.52,0,1.92,0,1403,4.37,0,0,-14.681,gap/us,3.77,0,46,3
2026-08-18,2026-08-17,,17,US,SNPS,5.61,24.64,3.883,702.2,413.2200012207031,0,0,91.59,0,1.77,0,1403,1.32,0,1,-13.381,gap/us,9.18,0,24,22
2026-08-18,2026-08-17,,18,US,EME,15.76,24.44,1.184,349.1,862.5399780273438,0,0,91.52,0,1.75,0,1403,13.32,0,0,-13.197,gap/us,15.93,0,10,10
2026-08-18,2026-08-17,,19,US,JBL,19.13,22.28,2.073,360.5,369.8900146484375,0,0,91.23,0,1.72,0,1403,15.9,0,0,-12.946,gap/us,20.91,0,10,10
2026-08-18,2026-08-17,,20,US,UBER,17.52,18.2,1.028,1344.4,74.98999786376953,0,0,91.23,0,1.72,0,1403,8.23,0,0,-12.937,gap/us,3.91,0,39,21
2026-08-18,2026-08-17,,,US,STX,,,,,994.7899780273438,,,,,,,,,,,,gap/us/held_px,,,,
2026-08-19,2026-08-18,,1,US,AMKR,22.14,20.08,1.56,309.0,54.84000015258789,1,1,99.15,1,5.45,1,1405,19.38,0,1,-45.744,gap/us,-17.82,0,8,6
2026-08-19,2026-08-18,,2,US,CLS,36.2,18.84,1.993,949.6,310.5899963378906,1,1,98.22,1,4.61,1,1405,28.26,0,1,-38.508,gap/us,-8.54,0,20,18
2026-08-19,2026-08-18,,3,US,MCHP,21.92,19.53,19.062,862.4,78.19000244140625,1,1,98.22,1,4.56,1,1405,15.27,0,1,-38.047,gap/us,-6.22,0,24,17
2026-08-19,2026-08-18,,4,US,MKSI,24.01,18.89,3.324,480.8,300.239990234375,1,1,97.65,1,4.22,1,1405,16.81,0,0,-35.153,gap/us,-13.08,0,13,11
2026-08-19,2026-08-18,,5,US,STX,46.57,23.55,3.641,4456.0,903.6799926757812,1,1,97.58,1,4.16,1,1405,34.55,0,0,-34.613,gap/us,1.33,0,21,20
2026-08-19,2026-08-18,,6,US,SMCI,66.17,7.68,2.783,1647.1,37.40999984741211,0,0,97.44,0,4.0,0,1405,68.51,0,0,-33.25,gap/us,46.71,0,18,5
2026-08-19,2026-08-18,,7,US,LITE,23.03,26.45,6.114,3856.4,873.3099975585938,0,0,97.15,0,3.93,0,1405,15.68,0,0,-32.628,gap/us,4.27,0,23,6
2026-08-19,2026-08-18,,8,US,STM,32.89,24.92,13.11,636.8,52.27000045776367,0,0,97.01,0,3.87,0,1405,7.67,0,1,-32.131,gap/us,-20.11,0,9,3
2026-08-19,2026-08-18,,9,US,FN,6.41,26.38,1.571,403.4,482.5899963378906,0,0,96.94,0,3.73,0,1405,5.21,0,1,-30.97,gap/us,-8.49,0,9,2
2026-08-19,2026-08-18,,10,US,NXPI,7.15,13.46,1.624,1057.4,228.55999755859375,0,0,96.3,0,3.45,0,1405,3.52,0,1,-28.541,gap/us,-16.32,0,26,19
2026-08-19,2026-08-18,,11,US,GILD,91.33,23.6,0.828,877.5,143.44000244140625,0,0,95.8,0,3.26,0,1405,22.17,0,0,-26.905,gap/us,10.1,0,26,18
2026-08-19,2026-08-18,,12,US,TXN,16.44,28.75,1.621,2086.9,272.239990234375,0,0,95.73,0,3.24,0,1405,13.47,0,0,-26.707,gap/us,-6.54,0,28,25
2026-08-19,2026-08-18,,13,US,MTZ,13.96,24.76,1.982,466.0,280.1300048828125,0,0,95.66,0,3.15,0,1405,13.07,0,1,-25.962,gap/us,-20.28,0,18,16
2026-08-19,2026-08-18,,14,US,NOK,6.8,22.42,3.09,934.2,10.390000343322754,0,0,95.66,0,3.11,0,1405,2.91,0,1,-25.587,gap/us,-2.26,0,7,3
2026-08-19,2026-08-18,,15,US,WDC,26.78,22.96,1.29,4039.7,496.1600036621094,0,0,95.16,0,2.91,0,1405,15.73,0,0,-23.879,gap/us,-9.52,0,22,16
2026-08-19,2026-08-18,,16,US,ORCL,7.98,16.47,1.487,4756.5,142.7899932861328,0,0,94.88,0,2.82,0,1405,2.88,0,1,-23.122,gap/us,12.39,0,42,21
2026-08-19,2026-08-18,,17,US,GOOG,17.98,20.19,1.289,6641.0,341.2799987792969,0,0,94.66,0,2.74,0,1405,16.89,0,1,-22.431,gap/us,-1.42,0,51,42
2026-08-19,2026-08-18,,18,US,AMZN,23.23,23.16,1.34,11435.0,259.45001220703125,0,0,94.66,0,2.69,0,1405,19.32,0,0,-22.007,gap/us,4.81,0,53,45
2026-08-19,2026-08-18,,19,US,JBL,19.16,20.38,2.074,365.9,338.6199951171875,0,0,94.66,0,2.69,0,1405,15.93,0,0,-21.937,gap/us,6.17,0,10,10
2026-08-19,2026-08-18,,20,US,EME,15.76,23.35,1.184,345.3,824.530029296875,0,0,92.31,0,2.31,0,1405,13.32,0,0,-18.679,gap/us,8.45,0,10,10
2026-08-20,2026-08-19,,1,US,AMKR,22.12,18.63,1.561,307.2,50.88999938964844,1,1,99.43,1,5.85,1,1406,19.36,0,1,-54.745,gap/us,-24.01,0,8,6
2026-08-20,2026-08-19,,2,US,SE,4.21,25.73,1.822,572.8,119.0999984741211,1,1,98.86,1,5.04,1,1406,-0.06,0,0,-46.945,gap/us,13.56,0,10,1
2026-08-20,2026-08-19,,3,US,COHR,23.28,28.83,4.771,1971.0,287.4700012207031,1,1,98.72,1,4.84,1,1406,16.88,0,1,-45.06,gap/us,-7.92,1,21,6
2026-08-20,2026-08-19,,4,US,STX,46.77,21.67,3.646,4480.3,832.5599975585938,1,1,98.65,1,4.75,1,1406,34.53,0,0,-44.162,gap/us,-8.32,0,21,20
2026-08-20,2026-08-19,,5,US,MKSI,24.02,17.71,3.327,474.0,281.6000061035156,0,1,98.29,1,4.64,1,1406,16.81,0,1,-43.071,gap/us,-18.34,0,13,11
2026-08-20,2026-08-19,,6,US,CLS,36.24,18.26,1.996,964.5,301.3599853515625,0,0,98.15,0,4.55,0,1406,28.3,0,1,-42.225,gap/us,-10.18,0,20,18
2026-08-20,2026-08-19,,7,US,MCHP,21.9,19.24,19.074,859.1,77.08000183105469,1,0,98.15,0,4.48,0,1406,15.26,0,1,-41.57,gap/us,-9.34,0,24,17
2026-08-20,2026-08-19,,8,US,SMCI,66.23,7.51,2.783,1678.2,36.58000183105469,0,0,97.3,0,4.04,0,1406,68.51,0,0,-37.35,gap/us,19.7,0,18,5
2026-08-20,2026-08-19,,9,US,FN,6.49,24.83,1.572,441.7,454.54998779296875,0,0,96.73,0,3.73,0,1406,5.21,0,1,-34.345,gap/us,-11.51,1,9,2
2026-08-20,2026-08-19,,10,US,APH,17.46,25.91,1.731,1042.7,156.0399932861328,0,0,96.66,0,3.7,0,1406,11.23,0,0,-34.054,gap/us,-0.93,0,16,15
2026-08-20,2026-08-19,,11,US,LITE,22.9,25.07,6.114,3944.0,827.5999755859375,0,0,96.59,0,3.65,0,1406,15.68,0,0,-33.59,gap/us,-0.25,0,23,6
2026-08-20,2026-08-19,,12,US,NXPI,7.15,13.31,1.625,1054.4,226.02000427246094,0,0,96.51,0,3.58,0,1406,3.52,0,1,-32.906,gap/us,-18.93,0,26,19
2026-08-20,2026-08-19,,13,US,WDC,26.96,21.35,1.292,4054.1,462.0899963378906,0,0,96.51,0,3.58,0,1406,15.75,0,0,-32.858,gap/us,-16.99,0,22,16
2026-08-20,2026-08-19,,14,US,TXN,16.45,28.24,1.622,2078.2,267.45001220703125,0,0,96.16,0,3.42,0,1406,13.48,0,0,-31.323,gap/us,-9.09,0,28,25
2026-08-20,2026-08-19,,15,US,NOK,6.8,21.85,3.091,945.4,10.130000114440918,0,0,96.02,0,3.33,0,1406,2.9,0,1,-30.512,gap/us,-1.46,0,7,3
2026-08-20,2026-08-19,,16,US,JBL,19.18,19.41,2.076,349.1,322.7699890136719,0,0,95.59,0,3.12,0,1406,15.95,0,1,-28.48,gap/us,1.41,0,10,10
2026-08-20,2026-08-19,,17,US,GILD,90.51,24.17,0.832,863.4,147.60000610351562,0,0,94.67,0,2.9,0,1406,22.04,0,0,-26.288,gap/us,13.24,0,26,18
2026-08-20,2026-08-19,,18,US,NVT,20.3,26.29,1.983,331.1,156.8800048828125,0,0,93.39,0,2.56,0,1406,14.11,0,0,-23.008,gap/us,-1.0,0,16,14
2026-08-20,2026-08-19,,19,US,ORCL,8.08,16.58,1.488,4625.6,143.80999755859375,0,0,93.31,0,2.52,0,1406,2.88,0,1,-22.675,gap/us,14.28,0,42,21
2026-08-20,2026-08-19,,20,US,CAT,14.1,26.9,1.51,2546.9,816.1500244140625,0,0,92.89,0,2.39,0,1406,8.69,0,1,-21.38,gap/us,-8.23,0,27,20
2026-08-20,2026-08-19,,,US,STM,,,,,50.40999984741211,,,,,,,,,,,,gap/us/held_px,,,,
2026-08-21,2026-08-19,,1,US,AMKR,22.12,18.63,1.561,307.2,50.88999938964844,1,1,99.43,1,5.85,1,1406,19.36,0,1,-54.745,gap/us,-24.01,0,8,6
2026-08-21,2026-08-19,,2,US,SE,4.21,25.73,1.822,572.8,119.0999984741211,1,1,98.86,1,5.04,1,1406,-0.06,0,0,-46.945,gap/us,13.56,0,10,1
2026-08-21,2026-08-19,,3,US,COHR,23.28,28.83,4.771,1971.0,287.4700012207031,1,1,98.72,1,4.84,1,1406,16.88,0,1,-45.06,gap/us,-7.92,1,21,6
2026-08-21,2026-08-19,,4,US,STX,46.77,21.67,3.646,4480.3,832.5599975585938,1,1,98.65,1,4.75,1,1406,34.53,0,0,-44.162,gap/us,-8.32,0,21,20
2026-08-21,2026-08-19,,5,US,MKSI,24.02,17.71,3.327,474.0,281.6000061035156,0,1,98.29,1,4.64,1,1406,16.81,0,1,-43.071,gap/us,-18.34,0,13,11
2026-08-21,2026-08-19,,6,US,CLS,36.24,18.26,1.996,964.5,301.3599853515625,0,0,98.15,0,4.55,0,1406,28.3,0,1,-42.225,gap/us,-10.18,0,20,18
2026-08-21,2026-08-19,,7,US,MCHP,21.9,19.24,19.074,859.1,77.08000183105469,1,0,98.15,0,4.48,0,1406,15.26,0,1,-41.57,gap/us,-9.34,0,24,17
2026-08-21,2026-08-19,,8,US,SMCI,66.23,7.51,2.783,1678.2,36.58000183105469,0,0,97.3,0,4.04,0,1406,68.51,0,0,-37.35,gap/us,19.7,0,18,5
2026-08-21,2026-08-19,,9,US,FN,6.49,24.83,1.572,441.7,454.54998779296875,0,0,96.73,0,3.73,0,1406,5.21,0,1,-34.345,gap/us,-11.51,1,9,2
2026-08-21,2026-08-19,,10,US,APH,17.46,25.91,1.731,1042.7,156.0399932861328,0,0,96.66,0,3.7,0,1406,11.23,0,0,-34.054,gap/us,-0.93,0,16,15
2026-08-21,2026-08-19,,11,US,LITE,22.9,25.07,6.114,3944.0,827.5999755859375,0,0,96.59,0,3.65,0,1406,15.68,0,0,-33.59,gap/us,-0.25,0,23,6
2026-08-21,2026-08-19,,12,US,NXPI,7.15,13.31,1.625,1054.4,226.02000427246094,0,0,96.51,0,3.58,0,1406,3.52,0,1,-32.906,gap/us,-18.93,0,26,19
2026-08-21,2026-08-19,,13,US,WDC,26.96,21.35,1.292,4054.1,462.0899963378906,0,0,96.51,0,3.58,0,1406,15.75,0,0,-32.858,gap/us,-16.99,0,22,16
2026-08-21,2026-08-19,,14,US,TXN,16.45,28.24,1.622,2078.2,267.45001220703125,0,0,96.16,0,3.42,0,1406,13.48,0,0,-31.323,gap/us,-9.09,0,28,25
2026-08-21,2026-08-19,,15,US,NOK,6.8,21.85,3.091,945.4,10.130000114440918,0,0,96.02,0,3.33,0,1406,2.9,0,1,-30.512,gap/us,-1.46,0,7,3
2026-08-21,2026-08-19,,16,US,JBL,19.18,19.41,2.076,349.1,322.7699890136719,0,0,95.59,0,3.12,0,1406,15.95,0,1,-28.48,gap/us,1.41,0,10,10
2026-08-21,2026-08-19,,17,US,GILD,90.51,24.17,0.832,863.4,147.60000610351562,0,0,94.67,0,2.9,0,1406,22.04,0,0,-26.288,gap/us,13.24,0,26,18
2026-08-21,2026-08-19,,18,US,NVT,20.3,26.29,1.983,331.1,156.8800048828125,0,0,93.39,0,2.56,0,1406,14.11,0,0,-23.008,gap/us,-1.0,0,16,14
2026-08-21,2026-08-19,,19,US,ORCL,8.08,16.58,1.488,4625.6,143.80999755859375,0,0,93.31,0,2.52,0,1406,2.88,0,1,-22.675,gap/us,14.28,0,42,21
2026-08-21,2026-08-19,,20,US,CAT,14.1,26.9,1.51,2546.9,816.1500244140625,0,0,92.89,0,2.39,0,1406,8.69,0,1,-21.38,gap/us,-8.23,0,27,20
2026-08-21,2026-08-19,,,US,STM,,,,,50.40999984741211,,,,,,,,,,,,gap/us/held_px,,,,
2026-08-22,2026-08-21,,1,US,CLS,36.32,17.92,2.001,973.8,296.54998779296875,1,1,99.08,1,5.0,1,1408,27.68,0,1,-51.6,gap/us,-2.86,0,20,18
2026-08-22,2026-08-21,,2,US,COHR,24.18,28.82,4.806,2003.9,289.5199890136719,1,1,98.79,1,4.46,1,1408,17.37,0,1,-45.873,gap/us,2.52,0,21,6
2026-08-22,2026-08-21,,3,US,MKSI,24.05,17.52,3.332,438.4,279.1099853515625,1,1,98.79,1,4.38,1,1408,16.83,0,1,-45.029,gap/us,-15.21,0,13,11
2026-08-22,2026-08-21,,4,US,MCHP,21.87,18.97,19.098,845.7,76.08000183105469,1,1,98.08,1,4.12,1,1408,15.23,0,1,-42.343,gap/us,-3.53,0,24,17
2026-08-22,2026-08-21,,5,US,STX,47.19,22.06,3.656,4461.1,850.0,1,1,98.08,1,4.12,1,1408,34.5,0,0,-42.29,gap/us,-0.2,0,21,20
2026-08-22,2026-08-21,,6,US,FN,8.8,23.35,1.607,449.0,436.6700134277344,0,0,97.94,0,3.92,0,1408,7.36,0,1,-40.209,gap/us,-8.27,1,9,2
2026-08-22,2026-08-21,,7,US,SMCI,66.34,7.65,2.783,1717.2,37.2400016784668,0,0,97.37,0,3.79,0,1408,68.51,0,0,-38.767,gap/us,23.72,0,18,5
2026-08-22,2026-08-21,,8,US,STM,32.6,23.97,13.183,623.2,50.560001373291016,0,0,96.45,0,3.29,0,1408,7.7,0,1,-33.532,gap/us,-1.9,0,9,3
2026-08-22,2026-08-21,,9,US,NXPI,7.15,13.27,1.627,1024.3,225.55999755859375,0,0,96.38,0,3.24,0,1408,3.52,0,1,-32.968,gap/us,-16.22,0,26,19
2026-08-22,2026-08-21,,10,US,WDC,27.5,21.14,1.297,3987.1,459.44000244140625,0,0,96.16,0,3.17,0,1408,15.93,0,0,-32.274,gap/us,-11.61,0,22,16
2026-08-22,2026-08-21,,11,US,TXN,16.46,27.88,1.623,2056.0,264.3599853515625,0,0,95.95,0,3.13,0,1408,13.49,0,0,-31.819,gap/us,-5.44,0,28,25
2026-08-22,2026-08-21,,12,US,JBL,19.24,18.81,2.078,342.9,313.2099914550781,0,0,95.95,0,3.12,0,1408,16.01,0,1,-31.676,gap/us,0.2,0,10,10
2026-08-22,2026-08-21,,13,US,KEYS,18.74,23.89,2.177,441.6,316.1300048828125,0,0,95.88,0,3.1,0,1408,15.79,0,1,-31.461,gap/us,-0.8,0,12,1
2026-08-22,2026-08-21,,14,US,LITE,21.81,26.25,6.114,3985.0,866.7100219726562,0,0,94.89,0,2.8,0,1408,15.0,0,0,-28.36,gap/us,13.59,0,23,6
2026-08-22,2026-08-21,,15,US,NOK,6.8,21.99,3.095,935.2,10.210000038146973,0,0,94.89,0,2.78,0,1408,2.9,0,1,-28.079,gap/us,12.2,0,7,3
2026-08-22,2026-08-21,,16,US,GILD,89.19,23.69,0.84,866.3,146.1199951171875,0,0,94.53,0,2.61,0,1408,21.86,0,0,-26.352,gap/us,13.0,0,26,18
2026-08-22,2026-08-21,,17,US,NVT,20.31,25.43,1.985,321.4,151.97999572753906,0,0,94.46,0,2.59,0,1408,14.12,0,0,-26.132,gap/us,0.13,0,16,14
2026-08-22,2026-08-21,,18,US,FIX,20.04,29.54,1.617,820.1,1655.6099853515625,0,0,94.39,0,2.53,0,1408,13.24,0,1,-25.456,gap/us,-4.5,0,9,7
2026-08-22,2026-08-21,,19,US,EME,15.77,21.98,1.186,343.2,776.6199951171875,0,0,94.11,0,2.52,0,1408,13.32,0,1,-25.317,gap/us,4.27,0,10,10
2026-08-22,2026-08-21,,20,US,ONTO,28.77,28.28,4.847,337.1,293.3299865722656,0,0,93.25,0,2.24,0,1408,18.88,0,0,-22.352,gap/us,7.6,0,11,9
2026-08-22,2026-08-21,,,US,AMKR,,,,,50.2599983215332,,,,,,,,,,,,gap/us/held_px,,,,
2026-08-24,2026-08-21,,1,US,CLS,36.32,17.92,2.001,973.8,296.54998779296875,1,1,99.08,1,5.0,1,1408,27.68,0,1,-51.6,gap/us,-2.86,0,20,18
2026-08-24,2026-08-21,,2,US,COHR,24.18,28.82,4.806,2003.9,289.5199890136719,1,1,98.79,1,4.46,1,1408,17.37,0,1,-45.873,gap/us,2.52,0,21,6
2026-08-24,2026-08-21,,3,US,MKSI,24.05,17.52,3.332,438.4,279.1099853515625,1,1,98.79,1,4.38,1,1408,16.83,0,1,-45.029,gap/us,-15.21,0,13,11
2026-08-24,2026-08-21,,4,US,MCHP,21.87,18.97,19.098,845.7,76.08000183105469,1,1,98.08,1,4.12,1,1408,15.23,0,1,-42.343,gap/us,-3.53,0,24,17
2026-08-24,2026-08-21,,5,US,STX,47.19,22.06,3.656,4461.1,850.0,1,1,98.08,1,4.12,1,1408,34.5,0,0,-42.29,gap/us,-0.2,0,21,20
2026-08-24,2026-08-21,,6,US,FN,8.8,23.35,1.607,449.0,436.6700134277344,0,0,97.94,0,3.92,0,1408,7.36,0,1,-40.209,gap/us,-8.27,1,9,2
2026-08-24,2026-08-21,,7,US,SMCI,66.34,7.65,2.783,1717.2,37.2400016784668,0,0,97.37,0,3.79,0,1408,68.51,0,0,-38.767,gap/us,23.72,0,18,5
2026-08-24,2026-08-21,,8,US,STM,32.6,23.97,13.183,623.2,50.560001373291016,0,0,96.45,0,3.29,0,1408,7.7,0,1,-33.532,gap/us,-1.9,0,9,3
2026-08-24,2026-08-21,,9,US,NXPI,7.15,13.27,1.627,1024.3,225.55999755859375,0,0,96.38,0,3.24,0,1408,3.52,0,1,-32.968,gap/us,-16.22,0,26,19
2026-08-24,2026-08-21,,10,US,WDC,27.5,21.14,1.297,3987.1,459.44000244140625,0,0,96.16,0,3.17,0,1408,15.93,0,0,-32.274,gap/us,-11.61,0,22,16
2026-08-24,2026-08-21,,11,US,TXN,16.46,27.88,1.623,2056.0,264.3599853515625,0,0,95.95,0,3.13,0,1408,13.49,0,0,-31.819,gap/us,-5.44,0,28,25
2026-08-24,2026-08-21,,12,US,JBL,19.24,18.81,2.078,342.9,313.2099914550781,0,0,95.95,0,3.12,0,1408,16.01,0,1,-31.676,gap/us,0.2,0,10,10
2026-08-24,2026-08-21,,13,US,KEYS,18.74,23.89,2.177,441.6,316.1300048828125,0,0,95.88,0,3.1,0,1408,15.79,0,1,-31.461,gap/us,-0.8,0,12,1
2026-08-24,2026-08-21,,14,US,LITE,21.81,26.25,6.114,3985.0,866.7100219726562,0,0,94.89,0,2.8,0,1408,15.0,0,0,-28.36,gap/us,13.59,0,23,6
2026-08-24,2026-08-21,,15,US,NOK,6.8,21.99,3.095,935.2,10.210000038146973,0,0,94.89,0,2.78,0,1408,2.9,0,1,-28.079,gap/us,12.2,0,7,3
2026-08-24,2026-08-21,,16,US,GILD,89.19,23.69,0.84,866.3,146.1199951171875,0,0,94.53,0,2.61,0,1408,21.86,0,0,-26.352,gap/us,13.0,0,26,18
2026-08-24,2026-08-21,,17,US,NVT,20.31,25.43,1.985,321.4,151.97999572753906,0,0,94.46,0,2.59,0,1408,14.12,0,0,-26.132,gap/us,0.13,0,16,14
2026-08-24,2026-08-21,,18,US,FIX,20.04,29.54,1.617,820.1,1655.6099853515625,0,0,94.39,0,2.53,0,1408,13.24,0,1,-25.456,gap/us,-4.5,0,9,7
2026-08-24,2026-08-21,,19,US,EME,15.77,21.98,1.186,343.2,776.6199951171875,0,0,94.11,0,2.52,0,1408,13.32,0,1,-25.317,gap/us,4.27,0,10,10
2026-08-24,2026-08-21,,20,US,ONTO,28.77,28.28,4.847,337.1,293.3299865722656,0,0,93.25,0,2.24,0,1408,18.88,0,0,-22.352,gap/us,7.6,0,11,9
2026-08-24,2026-08-21,,,US,AMKR,,,,,50.2599983215332,,,,,,,,,,,,gap/us/held_px,,,,
2026-08-25,2026-08-24,,1,US,MKSI,24.08,16.86,3.34,436.4,269.05999755859375,1,1,98.72,1,4.56,1,1407,16.85,0,1,-47.383,gap/us,-14.77,0,13,11
2026-08-25,2026-08-24,,2,US,STX,47.81,20.54,3.671,4418.8,794.6500244140625,1,1,98.65,1,4.52,1,1407,34.46,0,0,-46.962,gap/us,-2.73,1,21,20
2026-08-25,2026-08-24,,3,US,COHR,24.65,27.33,4.824,2018.2,275.489990234375,1,1,98.37,1,4.36,1,1407,17.27,0,1,-45.273,gap/us,1.54,1,21,6
2026-08-25,2026-08-24,,4,US,CLS,36.02,17.78,2.003,976.4,294.57000732421875,1,1,98.15,1,4.24,1,1407,27.42,0,1,-43.929,gap/us,-7.44,0,20,18
2026-08-25,2026-08-24,,5,US,SMCI,66.52,7.22,2.783,1738.7,35.16999816894531,1,1,98.08,1,4.2,1,1407,68.51,0,0,-43.583,gap/us,17.98,0,18,5
2026-08-25,2026-08-24,,6,US,WDC,28.06,19.95,1.303,3960.2,435.3800048828125,0,0,97.01,0,3.61,0,1407,15.99,0,1,-37.211,gap/us,-12.56,1,22,16
2026-08-25,2026-08-24,,7,US,FN,8.97,22.48,1.609,457.2,421.1400146484375,0,0,96.73,0,3.41,0,1407,7.32,0,1,-35.112,gap/us,-10.55,1,9,2
2026-08-25,2026-08-24,,8,US,NXPI,7.16,13.07,1.629,1023.2,222.44000244140625,0,0,96.52,0,3.31,0,1407,3.52,0,1,-34.086,gap/us,-16.9,0,26,19
2026-08-25,2026-08-24,,9,US,STM,32.53,23.29,13.244,614.7,49.349998474121094,0,0,96.52,0,3.28,0,1407,7.64,0,1,-33.774,gap/us,-7.67,0,9,3
2026-08-25,2026-08-24,,10,US,MCHP,21.68,18.49,19.113,837.7,74.20999908447266,0,0,96.52,0,3.28,0,1407,14.48,0,1,-33.706,gap/us,-4.74,0,25,17
2026-08-25,2026-08-24,,11,US,JBL,19.32,18.28,2.082,342.4,304.8900146484375,0,0,95.74,0,3.1,0,1407,16.09,0,1,-31.792,gap/us,-2.12,0,10,10
2026-08-25,2026-08-24,,12,US,KEYS,18.76,23.44,2.18,444.1,310.6600036621094,0,0,95.66,0,3.02,0,1407,15.8,0,1,-30.94,gap/us,-0.96,0,12,1
2026-08-25,2026-08-24,,13,US,FIX,20.26,28.62,1.623,818.9,1609.68994140625,0,0,94.6,0,2.67,0,1407,13.43,0,1,-27.211,gap/us,-6.98,0,10,7
2026-08-25,2026-08-24,,14,US,GILD,86.62,23.46,0.852,866.8,146.74000549316406,0,0,94.31,0,2.62,0,1407,22.24,0,0,-26.713,gap/us,12.43,0,26,18
2026-08-25,2026-08-24,,15,US,TXN,16.26,27.28,1.626,2061.4,258.94000244140625,0,0,94.24,0,2.57,0,1407,11.33,0,1,-26.192,gap/us,-7.33,0,28,25
2026-08-25,2026-08-24,,16,US,MU,68.92,5.92,3.479,36201.7,910.4299926757812,0,0,93.46,0,2.38,0,1407,5.7,0,0,-24.18,gap/us,1.14,0,39,29
2026-08-25,2026-08-24,,17,US,ONTO,28.82,27.2,4.861,335.2,282.9100036621094,0,0,93.46,0,2.36,0,1407,18.91,0,0,-23.972,gap/us,7.85,1,11,9
2026-08-25,2026-08-24,,18,US,CAT,14.49,26.57,1.519,2549.0,811.02001953125,0,0,93.32,0,2.31,0,1407,9.23,0,1,-23.389,gap/us,-7.13,0,27,20
2026-08-25,2026-08-24,,19,US,NVT,20.33,25.62,1.989,321.1,153.35000610351562,0,0,93.25,0,2.27,0,1407,14.12,0,0,-23.007,gap/us,2.72,0,16,14
2026-08-25,2026-08-24,,20,US,ADI,14.59,23.65,2.332,1462.5,371.1700134277344,0,0,92.25,0,2.1,0,1407,9.28,0,1,-21.107,gap/us,-0.19,0,30,6
2026-08-25,2026-08-24,,,US,AMKR,,,,,47.900001525878906,,,,,,,,,,,,gap/us/held_px,,,,
2026-08-26,2026-08-25,,1,US,AMKR,21.99,17.8,1.563,302.1,48.70000076293945,1,1,99.57,1,5.53,1,1406,19.22,0,1,-55.903,gap/us,6.59,0,8,6
2026-08-26,2026-08-25,,2,US,MKSI,24.1,16.93,3.342,443.3,270.4800109863281,1,1,98.93,1,4.48,1,1406,16.86,0,1,-45.027,gap/us,-5.2,0,13,11
2026-08-26,2026-08-25,,3,US,STX,48.01,21.2,3.676,4384.8,821.6699829101562,1,1,98.36,1,4.24,1,1406,34.45,0,0,-42.629,gap/us,9.95,0,21,20
2026-08-26,2026-08-25,,4,US,COHR,24.8,28.54,4.83,2048.8,288.1400146484375,1,1,98.01,1,4.04,1,1406,17.24,0,1,-40.46,gap/us,18.42,0,21,6
2026-08-26,2026-08-25,,5,US,SMCI,66.57,7.9,2.783,1764.6,38.459999084472656,0,1,97.94,1,3.99,1,1406,68.51,0,0,-39.981,gap/us,35.18,0,18,5
2026-08-26,2026-08-25,,6,US,CLS,36.06,18.5,2.006,977.2,306.8599853515625,0,0,97.72,0,3.94,0,1406,27.46,0,1,-39.453,gap/us,-12.38,0,20,18
2026-08-26,2026-08-25,,7,US,STM,32.51,23.31,13.264,597.4,49.459999084472656,1,0,96.8,0,3.45,0,1406,7.62,0,1,-34.427,gap/us,-1.4,0,9,3
2026-08-26,2026-08-25,,8,US,MCHP,21.66,18.3,19.125,833.1,73.5,0,0,96.59,0,3.37,0,1406,14.46,0,1,-33.623,gap/us,-2.92,0,25,17
2026-08-26,2026-08-25,,9,US,NXPI,7.16,13.2,1.63,1002.6,224.75,0,0,96.59,0,3.35,0,1406,3.52,0,1,-33.343,gap/us,-13.26,0,26,19
2026-08-26,2026-08-25,,10,US,WDC,28.25,20.62,1.305,3984.3,450.75,0,0,96.51,0,3.34,0,1406,16.01,0,1,-33.29,gap/us,-2.75,0,22,16
2026-08-26,2026-08-25,,11,US,FN,9.03,23.03,1.61,463.2,431.5400085449219,0,0,96.37,0,3.31,0,1406,7.3,0,1,-32.934,gap/us,-4.04,0,9,2
2026-08-26,2026-08-25,,12,US,FIX,20.26,27.76,1.623,824.8,1561.9599609375,0,0,96.09,0,3.06,0,1406,13.42,0,1,-30.34,gap/us,-3.96,0,10,7
2026-08-26,2026-08-25,,13,US,JBL,19.34,18.49,2.084,340.5,308.67999267578125,0,0,95.38,0,2.97,0,1406,16.11,0,1,-29.435,gap/us,1.89,0,10,10
2026-08-26,2026-08-25,,14,US,STRL,18.94,20.68,2.104,456.5,486.3900146484375,0,0,94.95,0,2.78,0,1406,4.09,0,1,-27.454,gap/us,-9.61,0,8,2
2026-08-26,2026-08-25,,15,US,RDDT,16.29,25.14,1.846,1216.9,162.4499969482422,0,0,94.95,0,2.78,0,1406,10.26,0,0,-27.45,gap/us,-8.96,0,28,19
2026-08-26,2026-08-25,,16,US,GILD,85.88,23.68,0.856,874.6,148.77000427246094,0,0,94.81,0,2.69,0,1406,22.11,0,0,-26.583,gap/us,10.76,0,26,18
2026-08-26,2026-08-25,,17,US,TXN,16.27,27.38,1.626,2044.0,260.04998779296875,0,0,94.45,0,2.62,0,1406,11.33,0,1,-25.784,gap/us,-6.14,0,28,25
2026-08-26,2026-08-25,,18,US,KEYS,18.76,24.14,2.181,439.9,320.1199951171875,0,0,94.31,0,2.52,0,1406,15.81,0,1,-24.842,gap/us,4.9,0,12,1
2026-08-26,2026-08-25,,19,US,NOK,6.81,22.25,3.101,910.0,10.350000381469727,0,0,93.74,0,2.46,0,1406,2.89,0,1,-24.176,gap/us,15.9,0,7,3
2026-08-26,2026-08-25,,20,US,MU,68.94,6.06,3.484,36005.2,932.969970703125,0,0,93.67,0,2.46,0,1406,5.69,0,0,-24.154,gap/us,13.7,0,39,29
2026-08-27,2026-08-26,,1,US,CLS,36.51,18.44,2.015,980.6,307.32000732421875,1,1,99.43,1,5.43,1,1406,27.89,0,1,-49.013,gap/us,-6.43,0,19,18
2026-08-27,2026-08-26,,2,US,MKSI,24.11,17.0,3.345,443.4,271.75,1,1,99.08,1,4.99,1,1406,16.86,0,1,-44.908,gap/us,5.49,0,13,11
2026-08-27,2026-08-26,,3,US,SMCI,66.63,7.68,2.783,1805.6,37.38999938964844,1,1,99.08,1,4.92,1,1406,68.51,0,0,-44.279,gap/us,45.49,0,18,5
2026-08-27,2026-08-26,,4,US,STX,48.22,21.81,3.682,4344.5,846.3699951171875,1,1,98.79,1,4.73,1,1406,34.43,0,0,-42.536,gap/us,10.72,0,21,20
2026-08-27,2026-08-26,,5,US,MTZ,13.93,21.85,1.994,468.1,248.72999572753906,0,1,97.72,1,4.13,1,1406,11.78,0,1,-36.951,gap/us,-13.46,0,18,16
2026-08-27,2026-08-26,,6,US,COHR,24.96,29.13,4.836,2062.3,294.3699951171875,1,0,97.65,0,4.07,0,1406,17.21,0,1,-36.443,gap/us,32.57,0,21,6
2026-08-27,2026-08-26,,7,US,STM,32.48,23.36,13.284,577.9,49.65999984741211,0,0,97.23,0,3.81,0,1406,7.6,0,1,-33.946,gap/us,2.69,0,9,3
2026-08-27,2026-08-26,,8,US,RDDT,16.28,24.03,1.848,1224.1,155.36000061035156,0,0,97.08,0,3.69,0,1406,10.26,0,1,-32.862,gap/us,-12.71,0,28,19
2026-08-27,2026-08-26,,9,US,NXPI,7.16,13.09,1.631,989.3,223.14999389648438,0,0,96.73,0,3.6,0,1406,3.52,0,1,-32.075,gap/us,-7.4,0,26,19
2026-08-27,2026-08-26,,10,US,WDC,28.44,21.42,1.307,3956.2,468.8800048828125,0,0,96.73,0,3.6,0,1406,16.03,0,0,-32.057,gap/us,1.48,0,22,16
2026-08-27,2026-08-26,,11,US,MCHP,21.64,18.43,19.137,818.2,74.05000305175781,0,0,96.59,0,3.56,0,1406,14.44,0,1,-31.704,gap/us,3.76,0,25,17
2026-08-27,2026-08-26,,12,US,FN,9.09,23.35,1.611,465.0,437.79998779296875,0,0,96.59,0,3.47,0,1406,7.29,0,1,-30.832,gap/us,5.62,0,9,2
2026-08-27,2026-08-26,,13,US,FIX,20.26,28.7,1.624,830.2,1615.68994140625,0,0,95.16,0,2.96,0,1406,13.42,0,1,-26.072,gap/us,6.3,0,10,7
2026-08-27,2026-08-26,,14,US,STRL,18.94,21.14,2.105,444.7,497.4100036621094,0,0,94.88,0,2.9,0,1406,4.07,0,1,-25.583,gap/us,0.64,0,8,2
2026-08-27,2026-08-26,,15,US,MU,68.96,6.09,3.489,35590.7,938.4000244140625,0,0,94.88,0,2.9,0,1406,5.69,0,0,-25.557,gap/us,26.98,0,39,29
2026-08-27,2026-08-26,,16,US,GILD,85.16,23.46,0.86,874.8,148.08999633789062,0,0,94.67,0,2.84,0,1406,21.98,0,0,-24.98,gap/us,11.57,0,26,18
2026-08-27,2026-08-26,,17,US,KEYS,18.77,24.26,2.182,443.6,321.8699951171875,0,0,94.59,0,2.8,0,1406,15.82,0,1,-24.564,gap/us,8.48,0,12,1
2026-08-27,2026-08-26,,18,US,TXN,16.27,27.55,1.627,2021.8,261.7699890136719,0,0,94.17,0,2.68,0,1406,11.33,0,1,-23.52,gap/us,-3.51,0,28,25
2026-08-27,2026-08-26,,19,US,NOK,6.81,22.36,3.103,887.9,10.40999984741211,0,0,93.6,0,2.58,0,1406,2.89,0,1,-22.575,gap/us,23.78,0,7,3
2026-08-27,2026-08-26,,20,US,ORCL,8.84,17.04,1.499,4108.9,148.8699951171875,0,0,93.6,0,2.56,0,1406,2.92,0,1,-22.401,gap/us,26.44,0,42,21
2026-08-28,2026-08-26,,1,US,CLS,36.51,18.44,2.015,980.6,307.32000732421875,1,1,99.43,1,5.43,1,1406,27.89,0,1,-49.013,gap/us,-6.43,0,19,18
2026-08-28,2026-08-26,,2,US,MKSI,24.11,17.0,3.345,443.4,271.75,1,1,99.08,1,4.99,1,1406,16.86,0,1,-44.908,gap/us,5.49,0,13,11
2026-08-28,2026-08-26,,3,US,SMCI,66.63,7.68,2.783,1805.6,37.38999938964844,1,1,99.08,1,4.92,1,1406,68.51,0,0,-44.279,gap/us,45.49,0,18,5
2026-08-28,2026-08-26,,4,US,STX,48.22,21.81,3.682,4344.5,846.3699951171875,1,1,98.79,1,4.73,1,1406,34.43,0,0,-42.536,gap/us,10.72,0,21,20
2026-08-28,2026-08-26,,5,US,MTZ,13.93,21.85,1.994,468.1,248.72999572753906,0,1,97.72,1,4.13,1,1406,11.78,0,1,-36.951,gap/us,-13.46,0,18,16
2026-08-28,2026-08-26,,6,US,COHR,24.96,29.13,4.836,2062.3,294.3699951171875,1,0,97.65,0,4.07,0,1406,17.21,0,1,-36.443,gap/us,32.57,0,21,6
2026-08-28,2026-08-26,,7,US,STM,32.48,23.36,13.284,577.9,49.65999984741211,0,0,97.23,0,3.81,0,1406,7.6,0,1,-33.946,gap/us,2.69,0,9,3
2026-08-28,2026-08-26,,8,US,RDDT,16.28,24.03,1.848,1224.1,155.36000061035156,0,0,97.08,0,3.69,0,1406,10.26,0,1,-32.862,gap/us,-12.71,0,28,19
2026-08-28,2026-08-26,,9,US,NXPI,7.16,13.09,1.631,989.3,223.14999389648438,0,0,96.73,0,3.6,0,1406,3.52,0,1,-32.075,gap/us,-7.4,0,26,19
2026-08-28,2026-08-26,,10,US,WDC,28.44,21.42,1.307,3956.2,468.8800048828125,0,0,96.73,0,3.6,0,1406,16.03,0,0,-32.057,gap/us,1.48,0,22,16
2026-08-28,2026-08-26,,11,US,MCHP,21.64,18.43,19.137,818.2,74.05000305175781,0,0,96.59,0,3.56,0,1406,14.44,0,1,-31.704,gap/us,3.76,0,25,17
2026-08-28,2026-08-26,,12,US,FN,9.09,23.35,1.611,465.0,437.79998779296875,0,0,96.59,0,3.47,0,1406,7.29,0,1,-30.832,gap/us,5.62,0,9,2
2026-08-28,2026-08-26,,13,US,FIX,20.26,28.7,1.624,830.2,1615.68994140625,0,0,95.16,0,2.96,0,1406,13.42,0,1,-26.072,gap/us,6.3,0,10,7
2026-08-28,2026-08-26,,14,US,STRL,18.94,21.14,2.105,444.7,497.4100036621094,0,0,94.88,0,2.9,0,1406,4.07,0,1,-25.583,gap/us,0.64,0,8,2
2026-08-28,2026-08-26,,15,US,MU,68.96,6.09,3.489,35590.7,938.4000244140625,0,0,94.88,0,2.9,0,1406,5.69,0,0,-25.557,gap/us,26.98,0,39,29
2026-08-28,2026-08-26,,16,US,GILD,85.16,23.46,0.86,874.8,148.08999633789062,0,0,94.67,0,2.84,0,1406,21.98,0,0,-24.98,gap/us,11.57,0,26,18
2026-08-28,2026-08-26,,17,US,KEYS,18.77,24.26,2.182,443.6,321.8699951171875,0,0,94.59,0,2.8,0,1406,15.82,0,1,-24.564,gap/us,8.48,0,12,1
2026-08-28,2026-08-26,,18,US,TXN,16.27,27.55,1.627,2021.8,261.7699890136719,0,0,94.17,0,2.68,0,1406,11.33,0,1,-23.52,gap/us,-3.51,0,28,25
2026-08-28,2026-08-26,,19,US,NOK,6.81,22.36,3.103,887.9,10.40999984741211,0,0,93.6,0,2.58,0,1406,2.89,0,1,-22.575,gap/us,23.78,0,7,3
2026-08-28,2026-08-26,,20,US,ORCL,8.84,17.04,1.499,4108.9,148.8699951171875,0,0,93.6,0,2.56,0,1406,2.92,0,1,-22.401,gap/us,26.44,0,42,21
2026-08-29,2026-08-27,,1,US,SMTC,57.28,29.62,,358.9,142.42999267578125,0,1,99.64,1,6.35,1,1407,46.66,0,0,-57.321,gap/us,24.27,0,14,2
2026-08-29,2026-08-27,,2,US,CLS,36.59,19.0,2.02,975.3,317.3800048828125,1,1,99.43,1,5.66,1,1407,27.98,0,1,-51.018,gap/us,-9.99,0,19,18
2026-08-29,2026-08-27,,3,US,STX,48.63,21.77,3.692,4273.8,847.2000122070312,1,1,99.36,1,5.14,1,1407,34.4,0,0,-46.263,gap/us,-0.53,0,21,20
2026-08-29,2026-08-27,,4,US,SMCI,66.75,7.9,2.783,1824.8,38.459999084472656,1,1,99.15,1,4.88,1,1407,68.51,0,0,-43.793,gap/us,38.69,0,18,5
2026-08-29,2026-08-27,,5,US,MKSI,23.68,16.85,3.364,442.3,270.989990234375,1,1,98.72,1,4.67,1,1407,16.39,0,1,-41.861,gap/us,-7.61,0,13,11
2026-08-29,2026-08-27,,6,US,COHR,25.26,29.15,4.848,2064.1,295.3900146484375,1,0,97.44,0,4.05,0,1407,17.14,0,1,-36.159,gap/us,18.6,0,21,6
2026-08-29,2026-08-27,,7,US,RDDT,16.28,23.77,1.85,1216.4,153.9499969482422,0,0,97.44,0,4.02,0,1407,10.26,0,1,-35.932,gap/us,-13.53,0,28,19
2026-08-29,2026-08-27,,8,US,WDC,28.82,21.04,1.31,3901.1,462.0,0,0,97.3,0,3.9,0,1407,16.07,0,1,-34.852,gap/us,-13.33,0,22,16
2026-08-29,2026-08-27,,9,US,MTZ,13.93,22.02,1.997,466.8,251.1300048828125,0,0,97.01,0,3.81,0,1407,11.81,0,1,-33.96,gap/us,-22.6,0,18,16
2026-08-29,2026-08-27,,10,US,STM,32.44,24.08,13.324,560.9,51.34000015258789,0,0,96.8,0,3.68,0,1407,7.56,0,1,-32.826,gap/us,-3.24,0,9,3
2026-08-29,2026-08-27,,11,US,FN,9.2,23.05,1.613,462.4,432.7099914550781,0,0,96.16,0,3.34,0,1407,7.26,0,1,-29.658,gap/us,-1.51,0,9,2
2026-08-29,2026-08-27,,12,US,NXPI,7.16,13.24,1.632,967.6,225.86000061035156,0,0,96.16,0,3.33,0,1407,3.53,0,1,-29.583,gap/us,-7.87,0,26,19
2026-08-29,2026-08-27,,13,US,MCHP,21.6,18.76,19.161,812.1,75.48999786376953,0,0,95.81,0,3.26,0,1407,14.41,0,1,-28.911,gap/us,0.64,0,25,17
2026-08-29,2026-08-27,,14,US,ORCL,9.03,17.36,1.501,3986.1,151.94000244140625,0,0,95.52,0,3.08,0,1407,2.92,0,1,-27.305,gap/us,19.11,0,42,21
2026-08-29,2026-08-27,,15,US,MU,69.0,6.05,3.5,34525.1,935.3900146484375,0,0,95.31,0,3.06,0,1407,5.68,0,0,-27.049,gap/us,6.94,0,39,29
2026-08-29,2026-08-27,,16,US,NOK,6.81,22.73,3.106,857.7,10.59000015258789,0,0,94.88,0,2.89,0,1407,2.88,0,1,-25.558,gap/us,16.5,0,7,3
2026-08-29,2026-08-27,,17,US,FIX,20.25,28.65,1.626,826.5,1614.97998046875,0,0,94.81,0,2.87,0,1407,13.41,0,1,-25.369,gap/us,-4.88,0,10,7
2026-08-29,2026-08-27,,18,US,STRL,18.95,21.49,2.108,436.0,506.3699951171875,0,0,94.74,0,2.85,0,1407,4.05,0,1,-25.113,gap/us,-12.8,0,8,2
2026-08-29,2026-08-27,,19,US,GILD,83.74,23.38,0.868,881.1,148.86000061035156,0,0,94.6,0,2.77,0,1407,21.73,0,0,-24.382,gap/us,13.39,0,26,18
2026-08-29,2026-08-27,,20,US,KEYS,18.78,24.54,2.184,440.6,325.82000732421875,0,0,93.75,0,2.52,0,1407,15.83,0,1,-22.107,gap/us,4.2,0,12,1
2026-08-31,2026-08-28,,1,US,SMTC,57.28,27.28,,367.6,131.1699981689453,0,1,99.79,1,7.0,1,1408,46.66,0,0,-66.011,gap/us,11.33,0,14,2
2026-08-31,2026-08-28,,2,US,CLS,36.59,17.88,2.02,965.9,298.70001220703125,1,1,99.5,1,6.05,1,1408,27.98,0,1,-56.993,gap/us,-9.88,0,19,18
2026-08-31,2026-08-28,,3,US,MKSI,23.68,15.91,3.364,437.2,255.75999450683594,1,1,99.08,1,5.16,1,1408,16.39,0,1,-48.477,gap/us,-14.02,0,13,11
2026-08-31,2026-08-28,,4,US,STX,48.63,21.32,3.692,4257.5,829.760009765625,1,1,99.08,1,5.16,1,1408,34.4,0,0,-48.462,gap/us,-3.08,0,21,20
2026-08-31,2026-08-28,,5,US,SMCI,66.75,7.61,2.783,1848.5,37.08000183105469,1,1,99.01,1,4.98,1,1408,68.51,0,0,-46.724,gap/us,30.56,0,18,5
2026-08-31,2026-08-28,,6,US,COHR,25.26,27.56,4.848,2066.7,279.20001220703125,1,0,98.08,0,4.44,0,1408,17.14,0,1,-41.644,gap/us,6.2,0,21,6
2026-08-31,2026-08-28,,7,US,MTZ,13.93,21.14,1.997,461.1,241.0,0,0,97.16,0,3.98,0,1408,11.81,0,1,-37.17,gap/us,-8.4,0,18,16
2026-08-31,2026-08-28,,8,US,WDC,28.82,20.93,1.31,3854.6,459.45001220703125,0,0,96.95,0,3.86,0,1408,16.07,0,1,-36.016,gap/us,-15.67,0,22,16
2026-08-31,2026-08-28,,9,US,STM,32.44,23.16,13.324,546.0,49.380001068115234,0,0,96.73,0,3.76,0,1408,7.56,0,1,-35.145,gap/us,-5.75,0,9,3
2026-08-31,2026-08-28,,10,US,RDDT,16.28,23.63,1.85,1207.1,153.0,0,0,96.45,0,3.59,0,1408,10.26,0,1,-33.512,gap/us,8.77,0,28,19
2026-08-31,2026-08-28,,11,US,FN,9.2,22.07,1.613,468.9,414.3599853515625,0,0,96.45,0,3.58,0,1408,7.26,0,1,-33.38,gap/us,-4.83,0,9,2
2026-08-31,2026-08-28,,12,US,MCHP,21.6,18.12,19.161,798.0,72.93000030517578,0,0,95.81,0,3.43,0,1408,14.41,0,1,-31.945,gap/us,-1.83,0,25,17
2026-08-31,2026-08-28,,13,US,FIX,20.25,26.95,1.626,822.3,1518.72998046875,0,0,95.81,0,3.38,0,1408,13.41,0,1,-31.45,gap/us,-12.2,0,10,7
2026-08-31,2026-08-28,,14,US,NXPI,7.16,13.11,1.632,950.6,223.5800018310547,0,0,95.6,0,3.25,0,1408,3.53,0,1,-30.238,gap/us,-2.43,0,26,19
2026-08-31,2026-08-28,,15,US,STRL,18.95,19.97,2.108,432.2,470.5199890136719,0,0,94.82,0,3.05,0,1408,4.05,0,1,-28.301,gap/us,-21.16,0,8,2
2026-08-31,2026-08-28,,16,US,NOK,6.81,21.91,3.106,832.6,10.210000038146973,0,0,94.74,0,3.03,0,1408,2.88,0,1,-28.103,gap/us,11.71,0,7,3
2026-08-31,2026-08-28,,17,US,ONTO,28.89,25.93,4.879,321.9,270.7900085449219,0,0,94.53,0,2.99,0,1408,18.94,0,1,-27.711,gap/us,4.72,0,11,9
2026-08-31,2026-08-28,,18,US,MU,69.0,6.03,3.5,34095.6,932.8599853515625,0,0,94.53,0,2.98,0,1408,5.68,0,0,-27.613,gap/us,13.34,0,39,29
2026-08-31,2026-08-28,,19,US,NVT,20.48,24.72,1.996,329.0,148.47999572753906,0,0,94.39,0,2.88,0,1408,14.14,0,1,-26.703,gap/us,-3.48,0,16,14
2026-08-31,2026-08-28,,20,US,ORCL,9.03,17.23,1.501,3912.5,150.85000610351562,0,0,94.32,0,2.85,0,1408,2.92,0,1,-26.421,gap/us,16.15,0,42,21
2026-09-01,2026-08-31,,1,US,SMTC,58.03,27.43,,366.6,132.9600067138672,0,1,99.79,1,7.09,1,1405,47.38,0,0,-69.616,gap/us,11.66,0,14,2
2026-09-01,2026-08-31,,2,US,CLS,36.72,17.85,2.029,963.0,299.3999938964844,1,1,99.57,1,6.18,1,1405,26.74,0,1,-60.636,gap/us,-12.43,0,19,18
2026-09-01,2026-08-31,,3,US,MKSI,23.7,15.9,3.371,428.7,256.239990234375,1,1,99.22,1,5.07,1,1405,16.41,0,1,-49.674,gap/us,-17.34,0,13,11
2026-09-01,2026-08-31,,4,US,COHR,25.82,27.3,4.869,2060.1,277.8299865722656,1,1,99.22,1,5.04,1,1405,17.03,0,1,-49.374,gap/us,-3.58,0,21,6
2026-09-01,2026-08-31,,5,US,SMCI,66.92,7.66,2.783,1858.4,37.279998779296875,1,1,99.22,1,4.98,1,1405,68.51,0,0,-48.8,gap/us,30.17,0,18,5
2026-09-01,2026-08-31,,6,US,STX,49.25,21.2,3.707,4150.9,828.3800048828125,1,0,99.22,0,4.93,0,1405,34.36,0,0,-48.289,gap/us,-0.32,0,21,20
2026-09-01,2026-08-31,,7,US,WDC,29.38,20.43,1.316,3733.4,450.54998779296875,0,0,98.08,0,4.28,0,1405,16.12,0,1,-41.934,gap/us,,0,22,16
2026-09-01,2026-08-31,,8,US,FN,9.38,21.96,1.615,462.0,412.92999267578125,0,0,97.3,0,3.97,0,1405,7.23,0,1,-38.855,gap/us,-9.43,0,9,2
2026-09-01,2026-08-31,,9,US,STM,32.37,23.41,13.385,525.2,50.13999938964844,0,0,97.08,0,3.82,0,1405,7.5,0,1,-37.395,gap/us,-3.93,0,9,3
2026-09-01,2026-08-31,,10,US,MTZ,13.92,20.98,2.002,428.8,239.77999877929688,0,0,96.3,0,3.42,0,1405,11.85,0,1,-33.43,gap/us,-8.21,0,18,16
2026-09-01,2026-08-31,,11,US,MCHP,21.55,18.22,19.197,790.3,73.44999694824219,0,0,95.87,0,3.31,0,1405,14.35,0,1,-32.346,gap/us,-2.35,0,25,17
2026-09-01,2026-08-31,,12,US,NOK,6.81,21.73,3.111,813.8,10.140000343322754,0,0,95.37,0,3.1,0,1405,2.88,0,1,-30.332,gap/us,8.33,0,7,3
2026-09-01,2026-08-31,,13,US,RDDT,16.27,22.78,1.854,1201.0,147.80999755859375,0,0,95.3,0,3.09,0,1405,10.25,0,1,-30.175,gap/us,-4.46,0,28,19
2026-09-01,2026-08-31,,14,US,NXPI,7.16,13.15,1.635,944.8,224.63999938964844,0,0,95.3,0,3.07,0,1405,3.53,0,1,-29.99,gap/us,0.21,0,26,19
2026-09-01,2026-08-31,,15,US,ONTO,28.94,25.52,4.893,318.8,267.2099914550781,0,0,95.16,0,2.98,0,1405,18.97,0,1,-29.175,gap/us,-0.48,0,11,9
2026-09-01,2026-08-31,,16,US,FIX,20.25,27.38,1.629,773.2,1545.6199951171875,0,0,95.09,0,2.96,0,1405,13.4,0,1,-28.955,gap/us,-12.72,0,10,7
2026-09-01,2026-08-31,,17,US,KEYS,18.79,24.27,2.187,444.5,322.70001220703125,0,0,94.31,0,2.75,0,1405,15.85,0,1,-26.862,gap/us,0.25,0,12,1
2026-09-01,2026-08-31,,18,US,ADI,14.69,22.98,2.342,1459.5,362.1400146484375,0,0,94.09,0,2.71,0,1405,9.36,0,1,-26.514,gap/us,0.07,0,30,6
2026-09-01,2026-08-31,,19,US,NVT,20.5,25.05,1.999,328.6,150.75,0,0,94.09,0,2.71,0,1405,14.15,0,1,-26.47,gap/us,-5.43,0,16,14
2026-09-01,2026-08-31,,20,US,AMAT,20.58,26.16,1.645,3816.4,458.3900146484375,0,0,94.09,0,2.7,0,1405,11.21,0,1,-26.363,gap/us,-11.54,0,34,9
2026-09-02,2026-08-31,,1,US,SMTC,58.03,27.43,,366.6,132.9600067138672,0,1,99.79,1,7.09,1,1405,47.38,0,0,-69.616,gap/us,11.66,0,14,2
2026-09-02,2026-08-31,,2,US,CLS,36.72,17.85,2.029,963.0,299.3999938964844,1,1,99.57,1,6.18,1,1405,26.74,0,1,-60.636,gap/us,-12.43,0,19,18
2026-09-02,2026-08-31,,3,US,MKSI,23.7,15.9,3.371,428.7,256.239990234375,1,1,99.22,1,5.07,1,1405,16.41,0,1,-49.674,gap/us,-17.34,0,13,11
2026-09-02,2026-08-31,,4,US,COHR,25.82,27.3,4.869,2060.1,277.8299865722656,1,1,99.22,1,5.04,1,1405,17.03,0,1,-49.374,gap/us,-3.58,0,21,6
2026-09-02,2026-08-31,,5,US,SMCI,66.92,7.66,2.783,1858.4,37.279998779296875,1,1,99.22,1,4.98,1,1405,68.51,0,0,-48.8,gap/us,30.17,0,18,5
2026-09-02,2026-08-31,,6,US,STX,49.25,21.2,3.707,4150.9,828.3800048828125,1,0,99.22,0,4.93,0,1405,34.36,0,0,-48.289,gap/us,-0.32,0,21,20
2026-09-02,2026-08-31,,7,US,WDC,29.38,20.43,1.316,3733.4,450.54998779296875,0,0,98.08,0,4.28,0,1405,16.12,0,1,-41.934,gap/us,,0,22,16
2026-09-02,2026-08-31,,8,US,FN,9.38,21.96,1.615,462.0,412.92999267578125,0,0,97.3,0,3.97,0,1405,7.23,0,1,-38.855,gap/us,-9.43,0,9,2
2026-09-02,2026-08-31,,9,US,STM,32.37,23.41,13.385,525.2,50.13999938964844,0,0,97.08,0,3.82,0,1405,7.5,0,1,-37.395,gap/us,-3.93,0,9,3
2026-09-02,2026-08-31,,10,US,MTZ,13.92,20.98,2.002,428.8,239.77999877929688,0,0,96.3,0,3.42,0,1405,11.85,0,1,-33.43,gap/us,-8.21,0,18,16
2026-09-02,2026-08-31,,11,US,MCHP,21.55,18.22,19.197,790.3,73.44999694824219,0,0,95.87,0,3.31,0,1405,14.35,0,1,-32.346,gap/us,-2.35,0,25,17
2026-09-02,2026-08-31,,12,US,NOK,6.81,21.73,3.111,813.8,10.140000343322754,0,0,95.37,0,3.1,0,1405,2.88,0,1,-30.332,gap/us,8.33,0,7,3
2026-09-02,2026-08-31,,13,US,RDDT,16.27,22.78,1.854,1201.0,147.80999755859375,0,0,95.3,0,3.09,0,1405,10.25,0,1,-30.175,gap/us,-4.46,0,28,19
2026-09-02,2026-08-31,,14,US,NXPI,7.16,13.15,1.635,944.8,224.63999938964844,0,0,95.3,0,3.07,0,1405,3.53,0,1,-29.99,gap/us,0.21,0,26,19
2026-09-02,2026-08-31,,15,US,ONTO,28.94,25.52,4.893,318.8,267.2099914550781,0,0,95.16,0,2.98,0,1405,18.97,0,1,-29.175,gap/us,-0.48,0,11,9
2026-09-02,2026-08-31,,16,US,FIX,20.25,27.38,1.629,773.2,1545.6199951171875,0,0,95.09,0,2.96,0,1405,13.4,0,1,-28.955,gap/us,-12.72,0,10,7
2026-09-02,2026-08-31,,17,US,KEYS,18.79,24.27,2.187,444.5,322.70001220703125,0,0,94.31,0,2.75,0,1405,15.85,0,1,-26.862,gap/us,0.25,0,12,1
2026-09-02,2026-08-31,,18,US,ADI,14.69,22.98,2.342,1459.5,362.1400146484375,0,0,94.09,0,2.71,0,1405,9.36,0,1,-26.514,gap/us,0.07,0,30,6
2026-09-02,2026-08-31,,19,US,NVT,20.5,25.05,1.999,328.6,150.75,0,0,94.09,0,2.71,0,1405,14.15,0,1,-26.47,gap/us,-5.43,0,16,14
2026-09-02,2026-08-31,,20,US,AMAT,20.58,26.16,1.645,3816.4,458.3900146484375,0,0,94.09,0,2.7,0,1405,11.21,0,1,-26.363,gap/us,-11.54,0,34,9
2026-09-03,2026-09-02,,1,US,SMTC,58.11,27.54,,366.2,133.85000610351562,1,1,99.79,1,6.87,1,1410,47.46,0,0,-68.497,gap/us,10.39,0,14,2
2026-09-03,2026-09-02,,2,US,COHR,26.16,26.33,4.882,2074.8,268.6400146484375,1,1,98.94,1,4.71,1,1410,16.75,0,1,-47.123,gap/us,-18.15,0,22,6
2026-09-03,2026-09-02,,3,US,MKSI,23.72,15.58,3.377,429.8,251.3800048828125,1,1,98.87,1,4.65,1,1410,16.42,0,1,-46.512,gap/us,-19.71,0,13,11
2026-09-03,2026-09-02,,4,US,SMCI,67.04,7.6,2.783,1856.6,37.0,1,1,98.87,1,4.64,1,1410,68.51,0,0,-46.385,gap/us,22.03,0,18,5
2026-09-03,2026-09-02,,5,US,STX,49.66,20.64,3.717,4104.6,808.5399780273438,1,1,98.87,1,4.59,1,1410,34.33,0,0,-45.866,gap/us,-3.48,0,21,20
2026-09-03,2026-09-02,,6,US,CRDO,17.76,22.28,4.121,1110.9,165.22000122070312,0,0,98.87,0,4.44,0,1410,7.65,0,1,-44.372,gap/us,-26.45,1,18,5
2026-09-03,2026-09-02,,7,US,MTZ,13.91,20.56,2.005,431.8,235.3300018310547,0,0,97.3,0,3.56,0,1410,11.87,0,1,-35.679,gap/us,-11.78,0,18,16
2026-09-03,2026-09-02,,8,US,WDC,29.76,20.3,1.32,3749.9,448.8999938964844,0,0,96.6,0,3.43,0,1410,16.16,0,1,-34.41,gap/us,-13.54,0,22,16
2026-09-03,2026-09-02,,9,US,MCHP,21.51,18.03,19.221,779.9,72.76000213623047,0,0,95.96,0,3.14,0,1410,14.32,0,1,-31.462,gap/us,-6.47,0,25,17
2026-09-03,2026-09-02,,10,US,ONTO,28.97,24.26,4.902,316.3,254.5500030517578,0,0,95.18,0,2.94,0,1410,18.99,0,1,-29.47,gap/us,-7.77,0,11,9
2026-09-03,2026-09-02,,11,US,STM,21.11,23.67,13.392,524.8,50.709999084472656,0,0,94.96,0,2.89,0,1410,4.58,0,1,-28.965,gap/us,-3.9,0,9,3
2026-09-03,2026-09-02,,12,US,ORCL,8.98,16.58,1.508,3767.4,145.75,0,0,94.33,0,2.6,0,1410,2.91,0,1,-26.085,gap/us,0.94,0,42,21
2026-09-03,2026-09-02,,13,US,AMAT,20.63,24.98,1.648,3800.7,438.4599914550781,0,0,94.26,0,2.57,0,1410,11.24,0,1,-25.822,gap/us,-17.93,0,34,9
2026-09-03,2026-09-02,,14,US,NVT,20.52,24.59,2.002,385.5,148.1699981689453,0,0,94.18,0,2.53,0,1410,14.15,0,1,-25.48,gap/us,-8.56,0,16,14
2026-09-03,2026-09-02,,15,US,NXPI,7.16,13.36,1.636,929.9,228.5,0,0,94.11,0,2.52,0,1410,3.53,0,1,-25.354,gap/us,-1.15,0,26,19
2026-09-03,2026-09-02,,16,US,KEYS,18.8,24.17,2.189,435.3,321.5799865722656,0,0,94.04,0,2.5,0,1410,15.86,0,1,-25.175,gap/us,-4.3,0,12,1
2026-09-03,2026-09-02,,17,US,ADI,14.72,22.54,2.345,1440.4,355.7099914550781,0,0,94.04,0,2.5,0,1410,9.38,0,1,-25.137,gap/us,-5.82,0,30,6
2026-09-03,2026-09-02,,18,US,EME,15.37,20.7,1.19,317.6,734.260009765625,0,0,93.26,0,2.33,0,1410,12.7,0,1,-23.418,gap/us,-10.69,0,10,10
2026-09-03,2026-09-02,,19,US,GILD,80.26,23.0,0.886,877.3,149.61000061035156,0,0,93.26,0,2.3,0,1410,21.35,0,0,-23.181,gap/us,13.55,0,26,18
2026-09-03,2026-09-02,,20,US,CAT,14.04,25.83,1.527,2430.8,792.280029296875,0,0,92.91,0,2.23,0,1410,9.17,0,1,-22.494,gap/us,-9.05,0,27,20
2026-09-03,2026-09-02,,,US,CLS,,,,,277.7699890136719,,,,,,,,,,,,gap/us/held_px,,,,
2026-09-04,2026-09-02,,1,US,SMTC,58.11,27.54,,366.2,133.85000610351562,1,1,99.79,1,6.87,1,1410,47.46,0,0,-68.497,gap/us,10.39,0,14,2
2026-09-04,2026-09-02,,2,US,COHR,26.16,26.33,4.882,2074.8,268.6400146484375,1,1,98.94,1,4.71,1,1410,16.75,0,1,-47.123,gap/us,-18.15,0,22,6
2026-09-04,2026-09-02,,3,US,MKSI,23.72,15.58,3.377,429.8,251.3800048828125,1,1,98.87,1,4.65,1,1410,16.42,0,1,-46.512,gap/us,-19.71,0,13,11
2026-09-04,2026-09-02,,4,US,SMCI,67.04,7.6,2.783,1856.6,37.0,1,1,98.87,1,4.64,1,1410,68.51,0,0,-46.385,gap/us,22.03,0,18,5
2026-09-04,2026-09-02,,5,US,STX,49.66,20.64,3.717,4104.6,808.5399780273438,1,1,98.87,1,4.59,1,1410,34.33,0,0,-45.866,gap/us,-3.48,0,21,20
2026-09-04,2026-09-02,,6,US,CRDO,17.76,22.28,4.121,1110.9,165.22000122070312,0,0,98.87,0,4.44,0,1410,7.65,0,1,-44.372,gap/us,-26.45,1,18,5
2026-09-04,2026-09-02,,7,US,MTZ,13.91,20.56,2.005,431.8,235.3300018310547,0,0,97.3,0,3.56,0,1410,11.87,0,1,-35.679,gap/us,-11.78,0,18,16
2026-09-04,2026-09-02,,8,US,WDC,29.76,20.3,1.32,3749.9,448.8999938964844,0,0,96.6,0,3.43,0,1410,16.16,0,1,-34.41,gap/us,-13.54,0,22,16
2026-09-04,2026-09-02,,9,US,MCHP,21.51,18.03,19.221,779.9,72.76000213623047,0,0,95.96,0,3.14,0,1410,14.32,0,1,-31.462,gap/us,-6.47,0,25,17
2026-09-04,2026-09-02,,10,US,ONTO,28.97,24.26,4.902,316.3,254.5500030517578,0,0,95.18,0,2.94,0,1410,18.99,0,1,-29.47,gap/us,-7.77,0,11,9
2026-09-04,2026-09-02,,11,US,STM,21.11,23.67,13.392,524.8,50.709999084472656,0,0,94.96,0,2.89,0,1410,4.58,0,1,-28.965,gap/us,-3.9,0,9,3
2026-09-04,2026-09-02,,12,US,ORCL,8.98,16.58,1.508,3767.4,145.75,0,0,94.33,0,2.6,0,1410,2.91,0,1,-26.085,gap/us,0.94,0,42,21
2026-09-04,2026-09-02,,13,US,AMAT,20.63,24.98,1.648,3800.7,438.4599914550781,0,0,94.26,0,2.57,0,1410,11.24,0,1,-25.822,gap/us,-17.93,0,34,9
2026-09-04,2026-09-02,,14,US,NVT,20.52,24.59,2.002,385.5,148.1699981689453,0,0,94.18,0,2.53,0,1410,14.15,0,1,-25.48,gap/us,-8.56,0,16,14
2026-09-04,2026-09-02,,15,US,NXPI,7.16,13.36,1.636,929.9,228.5,0,0,94.11,0,2.52,0,1410,3.53,0,1,-25.354,gap/us,-1.15,0,26,19
2026-09-04,2026-09-02,,16,US,KEYS,18.8,24.17,2.189,435.3,321.5799865722656,0,0,94.04,0,2.5,0,1410,15.86,0,1,-25.175,gap/us,-4.3,0,12,1
2026-09-04,2026-09-02,,17,US,ADI,14.72,22.54,2.345,1440.4,355.7099914550781,0,0,94.04,0,2.5,0,1410,9.38,0,1,-25.137,gap/us,-5.82,0,30,6
2026-09-04,2026-09-02,,18,US,EME,15.37,20.7,1.19,317.6,734.260009765625,0,0,93.26,0,2.33,0,1410,12.7,0,1,-23.418,gap/us,-10.69,0,10,10
2026-09-04,2026-09-02,,19,US,GILD,80.26,23.0,0.886,877.3,149.61000061035156,0,0,93.26,0,2.3,0,1410,21.35,0,0,-23.181,gap/us,13.55,0,26,18
2026-09-04,2026-09-02,,20,US,CAT,14.04,25.83,1.527,2430.8,792.280029296875,0,0,92.91,0,2.23,0,1410,9.17,0,1,-22.494,gap/us,-9.05,0,27,20
2026-09-04,2026-09-02,,,US,CLS,,,,,277.7699890136719,,,,,,,,,,,,gap/us/held_px,,,,
2026-09-05,2026-09-04,,1,US,STX,50.07,21.62,3.728,3854.4,849.280029296875,1,1,98.79,1,4.44,1,1409,34.3,0,0,-41.634,gap/us,4.49,0,21,20
2026-09-05,2026-09-04,,2,US,MKSI,23.73,16.1,3.382,429.8,260.30999755859375,1,1,98.72,1,4.41,1,1409,16.43,0,1,-41.355,gap/us,-14.65,0,13,11
2026-09-05,2026-09-04,,3,US,SMCI,67.16,8.13,2.783,1684.8,39.59000015258789,1,1,98.72,1,4.41,1,1409,68.51,0,0,-41.328,gap/us,27.18,0,18,5
2026-09-05,2026-09-04,,4,US,MTZ,13.91,20.69,2.008,436.8,237.19000244140625,1,1,97.73,1,3.54,1,1409,11.9,0,1,-33.094,gap/us,-12.95,0,18,16
2026-09-05,2026-09-04,,5,US,WDC,30.14,21.08,1.324,3614.8,467.4599914550781,1,1,96.74,1,3.11,1,1409,16.2,0,1,-29.071,gap/us,7.64,0,22,16
2026-09-05,2026-09-04,,6,US,MCHP,21.48,18.35,19.245,758.6,74.16999816894531,0,0,96.59,0,3.08,0,1409,14.28,0,1,-28.759,gap/us,-12.42,0,25,22
2026-09-05,2026-09-04,,7,US,STM,21.04,24.31,13.433,462.1,52.2400016784668,0,0,95.95,0,2.92,0,1409,4.57,0,1,-27.225,gap/us,-6.88,0,9,4
2026-09-05,2026-09-04,,8,US,NXPI,7.16,13.31,1.638,908.4,227.8350067138672,0,0,95.53,0,2.72,0,1409,3.53,0,1,-25.346,gap/us,-4.95,0,26,19
2026-09-05,2026-09-04,,9,US,NOK,6.82,21.44,3.118,737.7,10.029999732971191,0,0,95.46,0,2.66,0,1409,2.87,0,1,-24.802,gap/us,7.16,0,7,3
2026-09-05,2026-09-04,,10,US,ONTO,29.0,25.5,4.911,315.9,268.010009765625,0,0,95.17,0,2.57,0,1409,19.0,0,1,-23.912,gap/us,-13.07,0,11,10
2026-09-05,2026-09-04,,11,US,CLS,36.88,18.52,2.04,967.5,312.3500061035156,0,0,94.82,0,2.47,0,1409,4.66,0,1,-22.986,gap/us,-1.72,0,19,18
2026-09-05,2026-09-04,,12,US,AMAT,20.63,25.86,1.651,3741.5,454.7099914550781,0,0,94.82,0,2.45,0,1409,10.41,0,1,-22.775,gap/us,-15.66,0,34,29
2026-09-05,2026-09-04,,13,US,KEYS,18.81,24.57,2.19,438.6,327.2099914550781,0,0,94.32,0,2.33,0,1409,15.87,0,1,-21.646,gap/us,-4.04,0,12,11
2026-09-05,2026-09-04,,14,US,GILD,79.0,23.01,0.894,859.2,150.9949951171875,0,0,94.04,0,2.27,0,1409,16.18,0,0,-21.122,gap/us,13.35,0,26,23
2026-09-05,2026-09-04,,15,US,CAT,14.01,26.51,1.528,2373.5,813.9400024414062,0,0,93.47,0,2.13,0,1409,9.14,0,1,-19.775,gap/us,-3.35,0,27,25
2026-09-05,2026-09-04,,16,US,EME,15.37,21.25,1.191,315.6,754.1599731445312,0,0,93.33,0,2.1,0,1409,12.7,0,1,-19.525,gap/us,-7.68,0,10,10
2026-09-05,2026-09-04,,17,US,NVT,20.53,25.87,2.004,394.4,156.02999877929688,0,0,93.12,0,2.08,0,1409,14.15,0,0,-19.284,gap/us,-5.26,0,16,14
2026-09-05,2026-09-04,,18,US,SNPS,5.51,22.97,3.969,716.7,393.8399963378906,0,0,92.9,0,2.04,0,1409,2.73,0,1,-18.881,gap/us,-5.32,0,26,17
2026-09-05,2026-09-04,,19,US,ADI,14.52,22.93,2.347,1434.8,362.25,0,0,92.62,0,2.01,0,1409,9.41,0,1,-18.648,gap/us,-7.1,0,30,23
2026-09-05,2026-09-04,,20,US,ORCL,9.13,18.0,1.513,3790.6,158.77999877929688,0,0,92.19,0,1.94,0,1409,3.08,0,1,-17.958,gap/us,8.0,0,42,3
2026-09-05,2026-09-04,,,US,COHR,,,,,281.8599853515625,,,,,,,,,,,,gap/us/held_px,,,,
